5.48,6,6.39,6.8,7.44,5.54,5.66,6.23,6.74,7.38,5.64,5.54,6.09,6.62,7.23,6.79,5.92,5.37,5.69,6.11,9.44,8.64,7.15,7.21,7.88
1.7,2.34,3.13,3.98,5.15,1.39,1.42,2.37,3.44,4.67,1.44,1.19,1.65,2.6,3.83,3.16,1.57,0.51,1.05,1.8,7.2,5.71,3.26,3.33,4.31
0.79,1.42,2.29,3.16,4.43,0.46,0.45,1.35,2.48,3.82,0.56,0.24,0.64,1.55,2.84,2.56,0.92,0.12,0.57,1.21,6.92,5.39,2.91,2.92,3.83
2.42,2.88,3.46,4.12,5.18,2.22,2.25,2.75,3.56,4.67,2.31,2.06,2.17,2.83,3.88,4.06,2.55,1.69,2.05,2.59,8.11,6.69,4.34,4.31,5.16
5.01,5.6,6.25,6.68,7.42,4.85,4.9,5.76,6.35,7.14,4.96,4.79,5.39,5.88,6.63,6.45,5.41,4.95,5.15,5.48,9.77,8.8,7.04,6.99,7.65
9.45,10.17,10.89,11.33,12.05,9.31,9.42,10.29,10.97,11.76,9.38,9.31,9.92,10.5,11.25,10.41,9.92,9.84,10.06,10.38,12.67,12.25,11.24,11.32,11.9
15.1,16.06,16.94,17.36,17.96,14.98,15.17,16.28,16.97,17.68,14.94,15.05,15.93,16.54,17.23,15.18,15.47,15.74,16.11,16.54,15.79,16.14,16.18,16.51,17.01
21.26,22.15,22.74,23.05,23.45,21.28,21.58,22.08,22.62,23.14,21.04,21.42,21.64,22.14,22.67,20.1,21.05,21.17,21.53,21.93,18.86,19.84,20.73,21.17,21.52
24.04,24.75,24.97,25.06,25.2,24.29,24.64,24.64,24.81,25.03,24.08,24.57,24.46,24.63,24.9,22.66,24.17,24.72,24.92,25.14,20.35,21.85,23.51,23.97,24.07
21.41,22.06,22.21,22.51,22.95,21.75,22.03,22.15,22.48,22.96,21.73,22.11,22.37,22.72,23.13,20.91,22.18,22.92,23.16,23.36,19.41,20.68,22.04,22.46,22.62
17.94,18.69,19.03,19.31,19.75,18.15,18.4,18.92,19.34,19.82,18.16,18.47,19.01,19.43,19.87,17.73,18.54,18.92,19.13,19.38,17.09,17.92,18.64,18.96,19.23
12.82,13.46,13.81,14.11,14.6,12.9,13.07,13.49,13.95,14.51,12.96,13.07,13.42,13.85,14.38,13.3,13.42,13.58,13.8,14.08,14.11,14.28,14.13,14.33,14.74
8,8.48,8.77,9.05,9.56,7.99,8.09,8.4,8.8,9.38,8.1,8.06,8.34,8.74,9.28,8.96,8.55,8.47,8.71,9.01,10.85,10.49,9.65,9.75,10.25
2.58,2.88,3.24,3.99,5.11,2.19,2.17,2.47,3.34,4.51,2.28,2.08,2.09,2.84,3.94,3.86,2.49,1.69,2.14,2.73,7.45,6.17,4.07,4.12,4.95
1.18,1.61,2.28,3.13,4.44,0.69,0.62,1.3,2.32,3.68,0.83,0.52,0.85,1.69,2.94,2.75,1.35,0.87,1.33,1.96,6.69,5.39,3.3,3.35,4.2
2.22,2.51,3.02,3.72,4.87,1.88,1.84,2.29,3.13,4.32,2.04,1.76,2.01,2.72,3.8,3.88,2.53,2.05,2.44,2.96,7.72,6.46,4.42,4.44,5.22
5.53,5.83,6.28,6.8,7.7,5.29,5.31,5.78,6.41,7.32,5.43,5.24,5.55,6.09,6.9,6.98,5.95,5.63,5.94,6.33,10.21,9.27,7.62,7.65,8.34
9.85,10.42,10.96,11.47,12.29,9.77,9.87,10.6,11.24,12.07,9.92,9.83,10.52,11.11,11.87,11.1,10.65,10.79,11.16,11.58,13.34,12.98,12.1,12.29,12.91
15.6,16.52,17.24,17.83,18.67,15.64,15.85,16.77,17.59,18.47,15.67,15.81,16.6,17.34,18.14,15.9,16.2,16.47,16.86,17.29,16.46,16.82,16.88,17.22,17.72
20.46,21.23,21.6,21.99,22.53,20.68,20.98,21.23,21.77,22.37,20.59,20.93,21.07,21.55,22.11,19.97,20.86,21.2,21.51,21.86,19.13,20.04,20.86,21.26,21.59
23.32,24.2,24.66,25.1,25.7,23.52,23.83,24.39,24.97,25.58,23.41,23.81,24.33,24.88,25.46,22.42,23.74,24.36,24.75,25.16,20.73,22.07,23.48,24.01,24.29
22.58,23.22,23.38,23.63,24.01,22.89,23.18,23.36,23.71,24.12,22.82,23.25,23.5,23.85,24.23,21.82,23.06,23.53,23.78,24.01,20.19,21.42,22.7,23.13,23.31
18.05,18.7,18.91,19.16,19.56,18.34,18.61,18.94,19.31,19.78,18.36,18.68,19.06,19.45,19.93,17.91,18.73,19.11,19.34,19.62,17.28,18.11,18.83,19.17,19.46
13.01,13.49,13.67,13.99,14.5,13.16,13.37,13.63,14.08,14.71,13.17,13.34,13.65,14.13,14.76,13.22,13.45,13.48,13.79,14.16,13.68,13.95,13.92,14.19,14.63
7.76,8.21,8.54,9.09,9.88,7.69,7.82,8.26,9,9.94,7.66,7.65,8,8.75,9.74,8.33,7.84,7.43,7.98,8.66,10.14,9.73,8.78,9.06,9.78
2.24,2.85,3.78,4.76,6.03,1.73,1.67,2.95,4.25,5.67,1.85,1.57,2.44,3.62,5.01,3.63,2.41,2.02,2.67,3.47,7.3,6.18,4.31,4.52,5.43
0.39,0.95,1.88,2.8,4.05,-0.09,-0.18,0.94,2.2,3.55,0.08,-0.26,0.47,1.52,2.79,2.17,0.73,0.34,0.78,1.35,6.37,5.02,2.86,2.89,3.71
1.11,1.66,2.59,3.37,4.46,0.72,0.63,1.91,3.01,4.17,0.96,0.61,1.58,2.49,3.53,3.2,1.7,1.3,1.54,1.91,7.63,6.23,3.92,3.81,4.55
4.24,4.89,5.77,6.35,7.15,3.97,3.96,5.18,6.05,6.9,4.16,3.89,4.85,5.57,6.37,6.01,4.91,4.71,4.98,5.31,9.66,8.64,6.86,6.84,7.51
10.09,10.9,11.68,12.17,12.78,10.01,10.13,11.1,11.86,12.57,10.08,10.05,10.78,11.45,12.14,10.94,10.64,10.67,10.97,11.28,12.76,12.53,11.8,11.96,12.48
16.07,16.67,17.03,17.46,18.03,16.22,16.42,16.68,17.27,17.9,16.3,16.54,16.59,17.05,17.6,16.29,16.73,16.96,17.03,17.12,16.54,16.99,17.17,17.34,17.6
22.2,22.3,21.79,22.11,22.73,22.77,23.09,22.31,22.47,23.01,22.76,23.31,22.71,22.77,23.14,21.51,22.7,22.86,22.81,22.85,19.7,20.87,22.02,22.26,22.33
24.8,24.95,24.47,24.67,25.15,25.3,25.65,25.12,25.09,25.42,25.19,25.81,25.43,25.37,25.59,23.47,24.98,25.16,25.2,25.35,20.82,22.31,23.9,24.26,24.32
22.14,22.47,22.18,22.46,23.02,22.65,22.96,22.78,22.94,23.38,22.61,23.1,23.05,23.21,23.58,21.48,22.52,22.56,22.65,22.86,19.88,20.91,21.89,22.19,22.38
17.66,18.14,18.07,18.39,18.95,18.08,18.37,18.48,18.8,19.35,18.11,18.49,18.68,18.98,19.49,17.51,18.25,18.33,18.44,18.65,16.8,17.54,18.11,18.36,18.63
12.4,12.83,12.91,13.39,14.14,12.63,12.82,13.17,13.76,14.56,12.72,12.89,13.3,13.88,14.64,12.88,13.01,12.95,13.22,13.6,13.52,13.68,13.5,13.73,14.2
7.79,8.12,8.2,8.6,9.29,7.84,7.96,8.11,8.66,9.44,7.92,7.95,8.04,8.54,9.3,8.63,8.11,7.68,7.92,8.29,10.47,10,8.98,9.06,9.62
1.63,1.73,1.93,2.61,3.75,1.3,1.24,1.57,2.35,3.57,1.49,1.26,1.44,2.13,3.29,3.21,1.95,1.46,1.82,2.37,6.78,5.6,3.68,3.71,4.48
0.58,0.96,1.65,2.27,3.28,0.12,0.04,1.05,1.9,2.98,0.29,0,0.77,1.5,2.48,2.19,0.78,0.22,0.42,0.77,6.12,4.79,2.63,2.51,3.2
1.34,1.68,2.38,2.98,3.88,0.88,0.79,1.88,2.77,3.76,1.05,0.76,1.61,2.37,3.3,2.99,1.6,1.08,1.28,1.62,7.03,5.72,3.54,3.43,4.12
4.45,4.91,5.66,6.16,6.89,4.03,4,5.26,6.1,6.96,4.18,3.97,5.01,5.76,6.62,5.83,4.79,4.46,4.68,5.01,9.25,8.29,6.54,6.51,7.17
9.3,9.93,10.68,11.19,11.92,8.93,8.97,10.1,10.98,11.9,8.99,8.9,9.8,10.6,11.52,10.19,9.55,9.35,9.7,10.15,12.75,12.19,10.98,11.11,11.8
14.83,15.63,16.4,17.02,17.87,14.52,14.69,15.47,16.4,17.43,14.35,14.49,14.85,15.64,16.66,14.47,14.37,13.95,14.23,14.67,15.35,15.32,14.8,15.01,15.59
21.6,22.35,22.8,23.06,23.52,21.56,21.87,22.05,22.45,23.06,21.28,21.73,21.41,21.67,22.29,20.1,20.93,20.66,20.71,20.91,18.73,19.57,20.25,20.48,20.73
24.46,24.89,24.77,24.88,25.19,24.82,25.16,24.73,24.75,25.09,24.68,25.22,24.73,24.7,25.02,23.2,24.64,25,25.04,25.16,20.92,22.32,23.85,24.19,24.26
21.85,22.19,22.1,22.39,22.97,22.06,22.3,22.23,22.45,22.97,22.01,22.41,22.38,22.56,23,21.14,22.05,22.2,22.29,22.48,19.89,20.81,21.66,21.93,22.13
17.14,17.58,17.65,18.04,18.69,17.32,17.51,17.85,18.33,19.02,17.42,17.73,18.13,18.58,19.21,17.17,17.77,17.99,18.2,18.48,16.91,17.53,17.96,18.24,18.57
11.85,12.2,12.38,13.01,13.9,11.84,11.93,12.48,13.29,14.25,11.98,12.11,12.67,13.44,14.36,12.44,12.44,12.46,12.89,13.4,13.53,13.58,13.24,13.54,14.12
5.1,5.41,5.83,6.74,8,4.79,4.76,5.56,6.72,8.07,5.01,4.85,5.52,6.58,7.86,6.53,5.55,5.21,5.79,6.51,9.63,8.74,7.18,7.39,8.25
0.56,0.88,1.6,2.61,4.08,0.07,-0.07,0.9,2.17,3.7,0.38,0.03,0.68,1.73,3.12,2.66,1.15,0.81,1.26,1.86,7.08,5.67,3.42,3.45,4.32
0.15,0.46,1.17,2.1,3.48,-0.22,-0.33,0.69,1.9,3.32,0.07,-0.3,0.57,1.58,2.84,2.37,0.85,0.52,0.86,1.33,6.79,5.37,3.11,3.06,3.85
1.45,1.85,2.54,3.26,4.35,1.2,1.15,2.28,3.26,4.39,1.45,1.15,2.12,2.96,3.98,3.49,2.11,1.68,1.94,2.33,7.53,6.24,4.1,4.03,4.76
5.1,5.57,6.12,6.58,7.25,5.06,5.1,6.01,6.71,7.42,5.29,5.1,5.89,6.5,7.17,6.94,5.9,5.57,5.73,5.96,10.32,9.36,7.62,7.54,8.14
9.7,10.15,10.49,10.95,11.65,9.84,9.96,10.58,11.23,11.97,10.06,10,10.7,11.29,11.98,11.22,10.88,11.14,11.38,11.63,13.36,13.09,12.34,12.45,12.96
16.21,16.81,17.06,17.55,18.23,16.5,16.76,17.14,17.76,18.46,16.51,16.74,17.17,17.76,18.39,16.4,16.8,16.87,17.21,17.57,16.56,17,17.15,17.47,17.91
21.54,22.3,22.35,22.49,22.76,22.17,22.58,22.39,22.52,22.78,22.06,22.53,22.2,22.29,22.54,20.95,21.88,21.79,21.86,22,19.57,20.5,21.3,21.56,21.74
23.42,23.93,23.79,24.07,24.52,23.96,24.34,24.02,24.18,24.59,23.84,24.35,24.03,24.16,24.54,22.59,23.74,23.85,23.97,24.2,20.78,21.92,23.06,23.4,23.59
21.14,21.57,21.38,21.51,21.83,21.71,22,21.92,22,22.29,21.81,22.21,22.28,22.37,22.61,21.12,22.01,22.27,22.25,22.29,20.07,20.96,21.77,21.96,22.08
16.21,16.64,16.61,17.03,17.69,16.52,16.74,16.95,17.43,18.12,16.62,16.91,17.26,17.73,18.36,16.43,16.99,17.22,17.48,17.8,16.29,16.87,17.25,17.56,17.93
10.67,10.96,11.02,11.63,12.56,10.74,10.83,11.21,11.96,12.95,10.93,11.04,11.45,12.17,13.11,11.5,11.34,11.23,11.67,12.19,12.81,12.7,12.16,12.45,13.06
5.3,5.65,6.12,7.13,8.49,5.04,5,5.98,7.25,8.7,5.28,5.16,6.01,7.18,8.54,6.66,5.86,5.61,6.29,7.09,9.45,8.73,7.39,7.7,8.56
0.99,1.32,1.99,3.11,4.7,0.51,0.4,1.42,2.86,4.52,0.75,0.44,1.17,2.43,3.97,2.85,1.34,0.81,1.46,2.27,7.09,5.69,3.46,3.61,4.6
0.31,0.71,1.47,2.33,3.67,-0.15,-0.23,0.75,1.88,3.3,0.03,-0.34,0.33,1.28,2.58,2.3,0.6,-0.01,0.37,0.96,6.94,5.35,2.82,2.79,3.68
1.2,1.52,2.12,2.72,3.75,0.83,0.78,1.52,2.33,3.39,1,0.66,1.11,1.76,2.72,3.16,1.45,0.69,0.88,1.24,7.72,6.12,3.52,3.35,4.13
4.23,4.29,4.42,4.83,5.63,4.11,4.13,4.19,4.67,5.5,4.29,4.07,4.05,4.46,5.22,6,4.79,4.36,4.57,4.87,9.66,8.53,6.61,6.54,7.2
8.52,8.77,9.02,9.5,10.38,8.44,8.51,8.89,9.43,10.29,8.59,8.5,8.91,9.4,10.16,9.82,9.18,9.07,9.37,9.74,12.43,11.86,10.67,10.77,11.4
14.32,15.05,15.75,16.32,17.15,14.16,14.29,15.45,16.18,17.02,14.21,14.32,15.34,16,16.75,14.59,14.76,14.94,15.29,15.68,15.5,15.72,15.56,15.84,16.35
20.43,21.31,21.96,22.33,22.85,20.44,20.7,21.37,22.05,22.64,20.3,20.63,21,21.56,22.12,19.69,20.5,20.71,20.92,21.19,18.95,19.79,20.46,20.79,21.09
23.59,24.14,24.12,24.24,24.45,24.11,24.48,24.17,24.26,24.5,24,24.44,24.28,24.39,24.6,22.81,24.24,24.92,25.08,25.2,20.84,22.26,23.82,24.23,24.29
21.45,21.74,21.52,21.76,22.19,21.88,22.17,21.85,22.03,22.39,21.85,22.26,22.18,22.38,22.66,20.94,22.12,22.65,22.81,22.94,19.47,20.65,21.87,22.23,22.35
17.53,17.88,17.81,18.12,18.66,17.84,18.07,18.15,18.43,18.91,17.92,18.23,18.53,18.82,19.22,17.57,18.4,18.89,19.08,19.27,17.04,17.88,18.61,18.92,19.16
10.82,11.18,11.38,11.97,12.89,10.82,10.91,11.43,12.12,13.03,10.99,11.02,11.64,12.31,13.15,11.74,11.63,11.83,12.27,12.78,13.2,13.15,12.73,13.02,13.61
6.22,6.42,6.67,7.36,8.43,6.05,6.06,6.45,7.27,8.36,6.23,6.12,6.54,7.31,8.28,7.42,6.85,6.85,7.31,7.82,9.78,9.27,8.27,8.48,9.13
3.24,3.41,3.81,4.64,5.87,2.96,2.92,3.4,4.31,5.53,3.13,2.9,3.27,4.06,5.13,4.78,3.65,3.28,3.7,4.21,8.26,7.21,5.43,5.51,6.25
1.08,1.54,2.39,3.35,4.72,0.68,0.62,1.68,2.83,4.16,0.86,0.51,1.23,2.18,3.37,3,1.46,0.94,1.4,2,7.37,5.94,3.62,3.65,4.53
2.08,2.43,3.13,3.92,5.1,1.7,1.66,2.61,3.57,4.71,1.84,1.55,2.23,3,4.02,3.76,2.27,1.58,1.87,2.31,7.88,6.49,4.18,4.11,4.89
4.93,5.16,5.64,6.26,7.25,4.6,4.59,5.27,6.08,7.07,4.7,4.51,4.92,5.58,6.49,6.31,5.1,4.52,4.75,5.13,9.85,8.73,6.77,6.72,7.43
10.01,10.38,10.77,11.12,11.76,9.85,9.96,10.44,10.88,11.55,9.89,9.87,10.12,10.45,11.06,10.84,10.09,9.51,9.61,9.85,13.26,12.59,11.18,11.14,11.72
16.3,16.77,17.12,17.76,18.58,16.3,16.46,16.99,17.74,18.59,16.31,16.51,16.85,17.49,18.29,16.42,16.54,16.4,16.67,17.04,17.07,17.24,17.01,17.24,17.74
22.57,23.09,23.08,23.43,23.97,22.96,23.32,22.97,23.32,23.87,22.78,23.28,22.71,22.93,23.43,21.57,22.48,22.25,22.3,22.51,20.14,21.04,21.8,22.05,22.28
24.95,25.3,25.04,25.23,25.63,25.37,25.76,25.26,25.27,25.6,25.13,25.76,25.14,25.09,25.38,23.35,24.72,24.62,24.63,24.79,20.87,22.21,23.57,23.88,23.99
22.27,22.64,22.58,22.75,23.14,22.57,22.83,22.99,23.09,23.4,22.53,22.95,23.31,23.39,23.63,21.56,22.91,23.6,23.6,23.62,19.83,21.16,22.59,22.88,22.91
17.98,18.25,18.15,18.37,18.83,18.23,18.44,18.5,18.77,19.23,18.29,18.63,18.91,19.2,19.59,17.73,18.74,19.32,19.45,19.6,16.79,17.79,18.78,19.09,19.27
12.43,12.59,12.56,12.94,13.64,12.54,12.65,12.93,13.39,14.09,12.7,12.89,13.33,13.79,14.41,12.9,13.19,13.42,13.66,13.97,13.43,13.74,13.79,14.03,14.43
6.08,6.04,6.01,6.75,7.89,5.97,5.96,6.17,6.99,8.11,6.19,6.19,6.32,7.04,8.06,7.24,6.49,6.01,6.39,6.93,9.69,9,7.67,7.8,8.5
2.02,2.12,2.56,3.69,5.28,1.54,1.42,2.32,3.61,5.2,1.78,1.55,2.21,3.31,4.75,3.64,2.29,1.71,2.3,3.04,7.49,6.23,4.16,4.3,5.22
1.17,1.42,2.1,3.24,4.82,0.66,0.53,1.58,2.97,4.55,0.89,0.6,1.3,2.45,3.85,2.92,1.48,0.97,1.43,2.06,7.07,5.72,3.52,3.57,4.43
2.53,2.75,3.28,4.15,5.41,2.17,2.1,2.88,3.96,5.23,2.37,2.1,2.69,3.56,4.68,4.23,2.95,2.55,2.87,3.29,8.05,6.86,4.87,4.86,5.57
6.72,6.96,7.34,8.03,8.98,6.52,6.53,7.24,8.11,9.09,6.68,6.55,7.22,8.01,8.89,8,7.28,7.14,7.48,7.88,10.68,10.04,8.78,8.88,9.51
10.41,10.74,11.15,11.86,12.93,10.25,10.28,11.06,11.97,13.08,10.44,10.4,11.2,12,12.99,11.47,11.27,11.61,11.94,12.32,13.35,13.21,12.65,12.85,13.4
16.66,17.12,17.27,17.38,17.7,16.93,17.16,17.33,17.55,17.87,17.01,17.29,17.47,17.61,17.84,16.82,17.36,17.55,17.37,17.25,16.77,17.31,17.58,17.6,17.73
22.26,22.83,22.81,23.02,23.33,22.77,23.13,23.07,23.24,23.51,22.69,23.21,23.13,23.23,23.44,21.48,22.73,22.97,22.91,22.89,19.69,20.92,22.11,22.35,22.4
23.66,24.05,23.9,24.17,24.62,24.04,24.39,24.3,24.5,24.87,23.91,24.43,24.47,24.65,24.96,22.6,23.93,24.23,24.37,24.56,20.58,21.9,23.27,23.65,23.78
21.47,21.71,21.47,21.75,22.23,21.77,22.02,21.96,22.23,22.68,21.76,22.16,22.3,22.6,23.01,21.01,21.97,22.26,22.47,22.71,19.9,20.87,21.76,22.12,22.36
17.12,17.33,17.12,17.49,18.05,17.39,17.59,17.59,18.02,18.62,17.49,17.85,18,18.43,18.99,17.06,17.77,17.97,18.2,18.48,16.57,17.28,17.83,18.15,18.47
11.42,11.65,11.71,12.48,13.5,11.4,11.49,11.91,12.79,13.87,11.55,11.66,12.11,12.96,14,12.03,11.99,11.99,12.5,13.11,13.2,13.21,12.83,13.18,13.83
5.98,6.26,6.65,7.73,9.13,5.72,5.68,6.55,7.86,9.34,5.99,5.89,6.68,7.87,9.25,7.32,6.66,6.61,7.31,8.1,9.89,9.31,8.2,8.55,9.4
0.98,1.43,2.31,3.56,5.31,0.42,0.28,1.56,3.14,4.96,0.67,0.3,1.29,2.67,4.32,2.89,1.52,1.32,1.98,2.77,7.11,5.84,3.81,3.99,4.96
0.4,0.87,1.77,2.72,4.08,-0.09,-0.2,0.97,2.24,3.66,0.13,-0.24,0.66,1.69,2.94,2.42,0.94,0.67,1.04,1.53,6.84,5.46,3.25,3.23,4.03
1.85,2.3,3.17,4,5.19,1.32,1.24,2.49,3.64,4.91,1.45,1.09,2.16,3.17,4.35,3.52,2.24,2.07,2.55,3.13,7.55,6.37,4.43,4.53,5.35
5.49,5.85,6.43,6.9,7.68,5.17,5.17,5.98,6.75,7.66,5.29,5.09,5.78,6.52,7.41,6.81,5.91,5.73,6.08,6.5,9.9,9.08,7.6,7.68,8.36
10.1,10.28,10.42,10.61,11.11,10.08,10.15,10.31,10.66,11.25,10.23,10.23,10.36,10.65,11.22,11.07,10.66,10.54,10.57,10.67,12.94,12.58,11.7,11.68,12.09
15.67,15.94,15.96,16.16,16.57,15.92,16.08,16.35,16.58,17.02,16.08,16.3,16.68,16.88,17.26,16.16,16.51,16.69,16.7,16.76,16.5,16.86,16.94,17.05,17.31
20.19,20.82,21.08,21.51,22.03,20.53,20.8,21.47,22.04,22.6,20.57,20.83,21.75,22.36,22.89,20.25,21.19,21.89,22.23,22.56,19.56,20.52,21.46,21.89,22.2
23.72,24.38,24.64,25.1,25.74,23.91,24.2,24.67,25.31,25.97,23.79,24.24,24.69,25.31,25.94,22.66,23.91,24.27,24.64,25.04,20.84,22.09,23.4,23.91,24.19
22.1,22.58,22.49,22.56,22.78,22.6,22.88,22.83,22.92,23.15,22.64,23.09,23.12,23.2,23.4,21.73,22.85,23.23,23.22,23.23,20.28,21.37,22.47,22.71,22.77
17.76,18.21,18.21,18.58,19.09,18.09,18.32,18.56,19.03,19.6,18.17,18.5,18.87,19.38,19.95,17.75,18.53,18.87,19.19,19.56,17.13,17.92,18.62,19.01,19.34
13.11,13.51,13.68,14.33,15.17,13.17,13.33,13.86,14.69,15.65,13.23,13.4,14.01,14.87,15.84,13.43,13.62,13.68,14.24,14.88,14.05,14.29,14.22,14.65,15.27
7.57,8.18,8.79,9.57,10.59,7.33,7.41,8.39,9.52,10.72,7.34,7.26,8.09,9.21,10.45,8.34,7.71,7.38,8.12,8.97,10.59,10.05,8.95,9.32,10.2
2.25,3.07,4.16,5.24,6.65,1.76,1.73,3.17,4.65,6.27,1.87,1.55,2.57,3.94,5.55,3.79,2.46,2.02,2.78,3.69,7.69,6.47,4.47,4.73,5.76
0.97,1.75,2.93,3.99,5.43,0.45,0.36,1.9,3.46,5.09,0.64,0.27,1.37,2.73,4.29,2.88,1.38,0.98,1.53,2.21,7.27,5.88,3.62,3.71,4.65
1.27,1.92,2.94,3.85,5.12,0.83,0.76,2.07,3.38,4.81,1.03,0.64,1.59,2.69,4.02,3.36,1.7,1.16,1.51,2.02,8.01,6.47,3.97,3.91,4.78
4.41,5.05,5.97,6.56,7.46,4.04,4.03,5.24,6.16,7.17,4.18,3.91,4.75,5.5,6.45,6.05,4.72,4.17,4.37,4.69,9.96,8.72,6.58,6.49,7.21
10.3,10.9,11.41,11.59,11.98,10.28,10.42,11.05,11.47,11.96,10.34,10.32,10.82,11.17,11.66,11.24,10.76,10.54,10.63,10.78,13.34,12.93,11.89,11.89,12.36
16.72,17.28,17.6,17.95,18.41,16.77,17.01,17.4,17.87,18.38,16.73,16.96,17.21,17.58,18.05,16.71,16.94,16.82,16.78,16.82,17.15,17.42,17.26,17.32,17.61
21.64,22.17,22.3,22.49,22.8,21.89,22.17,22.39,22.67,23.03,21.79,22.19,22.39,22.6,22.92,20.99,21.86,21.94,21.93,22,19.94,20.8,21.53,21.72,21.87
25.2,25.74,25.67,25.87,26.1,25.69,26.04,26.08,26.32,26.58,25.57,26.13,26.27,26.51,26.76,24.07,25.52,25.81,25.91,26.04,21.66,23.09,24.63,25,25.05
22.01,22.31,22.08,22.27,22.65,22.38,22.67,22.55,22.79,23.21,22.32,22.75,22.75,23.03,23.47,21.36,22.29,22.34,22.58,22.93,20.01,20.95,21.83,22.19,22.48
17.84,18.11,17.9,18.15,18.6,18.23,18.48,18.38,18.69,19.21,18.3,18.68,18.68,19.04,19.58,17.72,18.47,18.6,18.85,19.16,16.97,17.73,18.36,18.69,18.99
11.68,11.96,11.98,12.42,13.09,11.83,11.99,12.22,12.74,13.47,11.92,12.06,12.36,12.89,13.62,12.23,12.25,12.21,12.53,12.95,13.1,13.17,12.87,13.12,13.62
6.72,7.14,7.59,8.37,9.41,6.55,6.61,7.42,8.39,9.52,6.66,6.54,7.33,8.26,9.36,7.82,7.21,7.1,7.68,8.36,10.2,9.67,8.61,8.89,9.65
2.67,3.25,4.22,5.21,6.5,2.02,1.94,3.38,4.75,6.15,2.1,1.81,2.87,4.11,5.48,3.95,2.62,2.09,2.78,3.61,7.78,6.56,4.53,4.74,5.72
1.5,2.17,3.28,4.18,5.4,0.88,0.79,2.21,3.54,4.91,1.01,0.66,1.63,2.78,4.1,3.07,1.63,1.17,1.69,2.33,7.25,5.91,3.73,3.81,4.7
3.34,3.9,4.72,5.21,5.96,2.9,2.9,3.86,4.7,5.59,2.93,2.74,3.24,3.95,4.83,4.54,3.01,1.91,2.21,2.68,8.34,6.92,4.51,4.45,5.25
6.82,7.26,7.78,8.05,8.54,6.5,6.59,7.05,7.52,8.14,6.44,6.36,6.3,6.65,7.31,7.53,6.36,5.34,5.41,5.67,10.46,9.39,7.44,7.3,7.93
10.83,11.04,11.13,11.36,11.87,10.73,10.87,10.74,11.03,11.66,10.69,10.73,10.44,10.66,11.31,11.32,10.82,10.36,10.5,10.77,13.13,12.7,11.67,11.7,12.24
16.35,16.84,17.02,17.08,17.35,16.52,16.76,16.9,16.99,17.34,16.5,16.73,16.81,16.88,17.23,16.33,16.7,16.72,16.75,16.87,16.47,16.86,16.96,17.09,17.38
21.03,21.64,21.99,22.22,22.57,21.19,21.45,21.9,22.21,22.59,21.09,21.42,21.82,22.1,22.45,20.42,21.38,21.8,21.93,22.09,19.4,20.38,21.29,21.6,21.79
23.2,23.85,24.18,24.55,25.02,23.38,23.67,24.12,24.59,25.07,23.26,23.64,24.1,24.58,25.04,22.32,23.58,24.16,24.55,24.94,20.7,21.97,23.32,23.84,24.11
21.54,21.89,21.88,22,22.3,21.79,22.03,22,22.19,22.48,21.78,22.13,22.22,22.42,22.67,21.08,22.11,22.63,22.76,22.88,19.91,20.95,22,22.3,22.43
16.76,17.1,17.11,17.38,17.79,16.96,17.18,17.23,17.54,17.97,16.96,17.26,17.42,17.77,18.18,16.6,17.32,17.65,17.96,18.28,16.16,16.9,17.5,17.87,18.2
11.47,11.75,11.91,12.48,13.27,11.38,11.53,11.78,12.44,13.3,11.33,11.41,11.7,12.41,13.3,11.63,11.57,11.44,12.12,12.89,12.63,12.63,12.28,12.73,13.44
6.86,7.25,7.68,8.41,9.43,6.57,6.65,7.16,8.13,9.3,6.5,6.39,6.77,7.77,8.98,7.51,6.68,6.11,6.96,7.93,9.98,9.26,7.91,8.32,9.28
3,3.49,4.29,5.17,6.38,2.4,2.4,3.23,4.38,5.77,2.33,2.07,2.36,3.43,4.89,3.98,2.36,1.25,2.09,3.17,7.92,6.44,4.03,4.29,5.46
1.33,1.93,3.03,3.95,5.21,0.68,0.59,1.93,3.24,4.69,0.79,0.43,1.2,2.35,3.81,2.96,1.33,0.68,1.31,2.14,7.43,5.92,3.49,3.62,4.65
2.4,3.06,4.14,4.73,5.59,1.87,1.83,3.22,4.2,5.24,1.98,1.64,2.6,3.45,4.47,4.08,2.48,1.79,2.1,2.57,8.39,6.91,4.48,4.4,5.24
5.03,5.6,6.44,6.73,7.2,4.66,4.67,5.7,6.34,6.99,4.75,4.51,5.15,5.69,6.38,6.42,5.24,4.76,4.88,5.13,9.94,8.84,6.93,6.81,7.44
9.94,10.8,11.74,11.96,12.3,9.77,9.88,11.06,11.59,12.08,9.83,9.78,10.59,11.04,11.55,10.87,10.3,10.04,10.15,10.34,13.21,12.7,11.53,11.52,12.03
16.86,17.64,18.06,18.03,18.03,17.2,17.48,17.73,17.86,17.97,17.19,17.45,17.44,17.48,17.59,16.97,17.35,17.32,17.15,17,17.03,17.43,17.51,17.5,17.63
21.28,21.94,22.1,22.13,22.13,21.73,22.07,22.11,22.12,22.13,21.66,22.07,22.07,22.03,22.02,20.78,21.87,22.26,22.14,22.04,19.48,20.56,21.59,21.75,21.75
23.72,24.26,24.1,24.17,24.31,24.39,24.78,24.53,24.5,24.57,24.35,24.89,24.78,24.75,24.76,23.05,24.42,24.8,24.76,24.71,20.99,22.34,23.75,24.02,24
22.64,23.03,22.78,23.15,23.62,23.22,23.53,23.42,23.74,24.13,23.25,23.73,23.83,24.13,24.46,22.16,23.43,23.84,24.02,24.21,20.4,21.66,22.95,23.34,23.48
17.55,17.83,17.6,17.94,18.57,17.95,18.2,18.02,18.34,18.95,18,18.35,18.33,18.65,19.18,17.49,18.26,18.52,18.66,18.86,16.85,17.62,18.27,18.53,18.78
12.58,12.79,12.69,12.98,13.57,12.79,12.96,12.95,13.24,13.81,12.9,13.07,13.18,13.44,13.92,13.08,13.28,13.39,13.46,13.6,13.7,13.92,13.83,13.94,14.25
6.68,6.96,7.17,7.7,8.56,6.57,6.64,7.02,7.59,8.44,6.64,6.58,6.91,7.42,8.21,7.68,6.91,6.41,6.75,7.22,10.14,9.43,8.08,8.17,8.84
1.67,2.34,3.29,4.31,5.7,1.19,1.16,2.41,3.75,5.24,1.3,0.94,1.82,3.05,4.53,3.43,1.82,1.16,1.99,2.99,7.88,6.4,4.01,4.26,5.38
0.82,1.48,2.54,3.53,4.9,0.31,0.21,1.54,2.95,4.5,0.54,0.13,0.99,2.24,3.75,2.99,1.29,0.8,1.47,2.31,7.85,6.27,3.76,3.89,4.94
1.41,1.97,2.9,3.86,5.15,1,0.89,2.18,3.52,4.93,1.32,0.95,1.91,3.06,4.36,3.71,2.23,2.02,2.45,2.99,8.25,6.88,4.66,4.67,5.51
5.22,5.69,6.3,6.86,7.68,5.06,5.05,5.93,6.78,7.7,5.35,5.12,5.91,6.63,7.46,7.27,6.17,6.02,6.23,6.48,10.98,9.97,8.18,8.13,8.76
9.91,10.39,10.78,11.2,11.87,10.03,10.12,10.82,11.46,12.2,10.3,10.2,11.03,11.61,12.27,11.66,11.22,11.49,11.64,11.81,14.14,13.76,12.84,12.88,13.38
18.09,18.76,18.97,19.09,19.23,18.52,18.81,19.18,19.45,19.66,18.59,18.88,19.36,19.62,19.79,18.31,19.03,19.41,19.36,19.24,17.93,18.66,19.21,19.34,19.45
22.43,23.2,23.66,23.92,24.29,22.64,22.89,23.73,24.12,24.49,22.65,22.99,23.85,24.16,24.43,22.02,23.34,24.3,24.16,24,20.62,21.93,23.32,23.52,23.5
25.51,26.04,26.14,26.23,26.41,25.76,26.06,26.2,26.3,26.41,25.66,26.19,26.44,26.42,26.39,24.14,26.02,26.97,26.73,26.45,21.34,23.17,25.26,25.5,25.28
22.54,22.96,22.91,23.13,23.55,22.87,23.16,23.07,23.23,23.58,22.82,23.24,23.35,23.5,23.74,21.78,23.12,23.76,23.84,23.92,19.98,21.31,22.74,23.08,23.16
17.5,18.14,18.37,18.64,19.07,17.76,18.03,18.24,18.56,19.01,17.72,17.98,18.23,18.56,18.98,17.35,18.04,18.36,18.54,18.75,16.91,17.62,18.19,18.47,18.73
12.46,13.02,13.41,13.98,14.76,12.42,12.6,13.04,13.76,14.61,12.4,12.49,12.85,13.55,14.4,12.67,12.75,12.8,13.27,13.83,13.48,13.62,13.43,13.78,14.35
7.37,7.93,8.56,9.4,10.55,7.03,7.09,7.86,8.93,10.21,7.04,6.92,7.43,8.45,9.71,8.21,7.4,6.99,7.74,8.62,10.83,10.12,8.78,9.13,10.05
2.48,3.19,4.28,5.33,6.76,1.93,1.88,3.17,4.61,6.22,2,1.68,2.5,3.83,5.43,3.91,2.49,1.92,2.83,3.94,7.91,6.62,4.51,4.85,5.98
1.32,2.07,3.28,4.33,5.73,0.76,0.7,2.13,3.63,5.23,0.88,0.51,1.42,2.79,4.38,2.98,1.51,1.06,1.9,2.91,7.2,5.85,3.7,3.98,5.05
2.56,3.2,4.25,5.18,6.38,2.1,2.04,3.37,4.73,6.1,2.25,1.93,2.88,4.1,5.43,4.21,3.01,2.84,3.43,4.13,8.01,6.92,5.1,5.28,6.14
5.26,5.79,6.54,7.03,7.76,5.05,5.05,6.02,6.87,7.74,5.26,5.01,5.83,6.61,7.45,7.1,6.09,6.05,6.35,6.68,10.61,9.69,8.07,8.1,8.75
10.66,11.11,11.49,11.64,11.93,10.75,10.87,11.36,11.71,12.1,10.91,10.91,11.37,11.66,12.01,11.83,11.48,11.48,11.41,11.38,13.79,13.49,12.63,12.55,12.9
17.44,17.93,18.01,18.13,18.35,17.87,18.14,18.14,18.29,18.54,17.92,18.18,18.18,18.28,18.5,17.72,18.17,18.28,18.21,18.15,17.7,18.17,18.38,18.46,18.63
21.86,22.17,22.03,22.27,22.71,22.18,22.47,22.33,22.49,22.87,22.11,22.5,22.42,22.54,22.87,21.26,22.14,22.24,22.33,22.5,20.16,21.04,21.81,22.07,22.27
24.01,24.45,24.43,24.79,25.39,24.24,24.51,24.64,24.99,25.54,24.11,24.55,24.75,25.09,25.59,22.96,24.21,24.59,24.87,25.19,21.07,22.32,23.65,24.11,24.33
21.58,22.18,22.38,22.62,22.95,21.8,22.02,22.44,22.76,23.08,21.81,22.13,22.62,22.91,23.18,21.26,22.22,22.76,22.81,22.87,20.25,21.22,22.18,22.42,22.55
17.05,17.71,18.06,18.46,18.98,17.16,17.36,17.87,18.45,19.05,17.18,17.36,17.91,18.49,19.07,17.1,17.64,18.02,18.33,18.65,17.05,17.62,18.04,18.37,18.72
12.33,12.95,13.33,13.66,14.13,12.41,12.62,12.96,13.49,14.12,12.39,12.51,12.79,13.32,13.98,12.62,12.71,12.72,12.99,13.36,13.4,13.53,13.32,13.55,14
7.01,7.56,8.09,8.69,9.54,6.89,6.99,7.59,8.42,9.42,6.92,6.81,7.26,8.08,9.12,7.99,7.33,7.07,7.65,8.37,10.37,9.79,8.65,8.91,9.68
2.32,2.96,3.94,4.85,6.15,1.83,1.81,2.94,4.15,5.59,1.89,1.55,2.27,3.4,4.84,3.86,2.43,1.93,2.7,3.66,7.96,6.66,4.53,4.78,5.83
0.62,1.3,2.49,3.43,4.76,0.03,-0.06,1.35,2.66,4.1,0.22,-0.16,0.72,1.84,3.19,2.44,0.98,0.67,1.19,1.85,6.8,5.44,3.26,3.34,4.22
1.2,1.72,2.7,3.49,4.59,0.76,0.64,1.95,3.11,4.29,1.07,0.7,1.69,2.66,3.71,3.44,2.01,1.86,2.17,2.55,7.89,6.56,4.4,4.34,5.08
5.24,5.66,6.2,6.55,7.08,5.21,5.23,5.99,6.62,7.2,5.5,5.34,6.07,6.59,7.09,7.05,6.28,6.28,6.35,6.41,10.15,9.42,8.03,7.94,8.38
11.72,12.26,12.51,12.71,12.96,12.1,12.29,12.64,12.92,13.16,12.28,12.43,12.73,12.93,13.11,12.6,12.71,12.78,12.72,12.63,13.5,13.62,13.36,13.36,13.56
17.97,18.63,18.81,19.06,19.4,18.41,18.74,18.88,19.15,19.45,18.38,18.73,18.82,19,19.24,17.83,18.55,18.66,18.63,18.65,17.29,18.01,18.51,18.67,18.85
21.29,21.67,21.37,21.33,21.42,21.95,22.3,21.96,21.87,21.92,21.99,22.48,22.33,22.22,22.23,21.02,22.22,22.65,22.52,22.4,19.53,20.72,21.87,22.05,22.06
22.73,23.31,23.42,24.15,25.05,22.98,23.29,23.67,24.36,25.17,22.85,23.25,23.84,24.51,25.21,21.89,23.26,23.99,24.45,24.89,20.19,21.58,23.07,23.66,23.97
20.75,21.34,21.6,22.14,22.92,20.9,21.12,21.62,22.28,23.03,20.89,21.22,21.81,22.42,23.05,20.31,21.37,21.99,22.25,22.5,19.26,20.34,21.41,21.81,22.07
16.87,17.41,17.63,18.23,19.11,17.05,17.24,17.6,18.37,19.3,17.15,17.43,17.82,18.52,19.36,16.96,17.68,18.17,18.53,18.94,16.64,17.39,18.03,18.44,18.84
11.35,11.66,11.78,12.3,13.18,11.37,11.49,11.66,12.29,13.23,11.49,11.57,11.76,12.34,13.2,12.04,11.91,11.88,12.24,12.72,13.33,13.25,12.77,13.01,13.59
6.52,6.77,7,7.52,8.47,6.33,6.4,6.64,7.29,8.33,6.34,6.28,6.39,7.03,8.06,7.29,6.51,5.95,6.45,7.16,9.66,8.96,7.63,7.84,8.62
2.12,2.7,3.57,4.54,5.94,1.57,1.54,2.66,3.91,5.44,1.61,1.32,2.04,3.22,4.75,3.35,2.02,1.43,2.32,3.43,7.1,5.88,3.89,4.24,5.34
0.43,1.04,2.11,3.14,4.63,-0.19,-0.31,1.06,2.52,4.17,-0.02,-0.41,0.52,1.83,3.44,2.2,0.68,0.28,1.03,1.98,6.64,5.23,2.98,3.21,4.27
1.92,2.49,3.44,4.33,5.56,1.43,1.31,2.73,4.08,5.5,1.71,1.34,2.51,3.75,5.11,4.03,2.67,2.56,3.14,3.81,8.34,7.08,5.05,5.18,6.08
5.86,6.27,6.87,7.46,8.28,5.57,5.53,6.51,7.51,8.52,5.85,5.64,6.55,7.5,8.46,7.58,6.73,6.79,7.18,7.57,10.78,10.02,8.61,8.72,9.38
10.92,11.25,11.52,12.03,12.8,10.85,10.89,11.51,12.31,13.21,11.11,11.12,11.81,12.56,13.39,12.1,11.93,12.23,12.55,12.86,13.9,13.78,13.24,13.44,13.95
18,18.72,19.09,19.32,19.61,18.2,18.42,19.07,19.55,19.94,18.24,18.5,19.26,19.72,20.07,17.96,18.83,19.45,19.57,19.61,17.43,18.31,19.1,19.37,19.54
24.1,24.82,25.04,25.23,25.38,24.41,24.72,25.08,25.44,25.68,24.35,24.83,25.25,25.59,25.82,23.16,24.7,25.44,25.57,25.63,21.02,22.54,24.21,24.61,24.64
25.24,25.94,26.08,26.37,26.76,25.62,25.96,26.08,26.43,26.83,25.52,26.05,26.22,26.53,26.86,24.07,25.76,26.49,26.63,26.77,21.48,23.15,25.04,25.48,25.53
21.75,22.3,22.35,22.62,23.13,22.06,22.36,22.31,22.55,23.01,22.01,22.4,22.45,22.64,22.98,21.13,22.25,22.72,22.82,22.94,19.7,20.82,21.97,22.28,22.42
16.98,17.43,17.5,17.8,18.37,17.21,17.44,17.52,17.87,18.45,17.23,17.49,17.66,18.01,18.55,16.99,17.54,17.76,18.02,18.34,16.8,17.38,17.78,18.08,18.44
12.09,12.44,12.54,12.98,13.72,12.18,12.35,12.46,12.99,13.8,12.2,12.32,12.43,12.98,13.78,12.51,12.44,12.28,12.74,13.29,13.53,13.51,13.1,13.41,14.02
6.44,6.96,7.5,8.29,9.4,6.15,6.23,6.92,7.91,9.13,6.15,6,6.51,7.49,8.73,7.38,6.51,6.08,6.89,7.84,10.12,9.36,7.95,8.33,9.29
2.35,3.21,4.43,5.51,6.9,1.69,1.65,3.1,4.58,6.16,1.7,1.29,2.27,3.66,5.25,3.87,2.29,1.76,2.77,3.91,8.28,6.85,4.57,4.93,6.13
0.51,1.39,2.81,4.03,5.65,-0.21,-0.33,1.35,3.1,4.93,-0.05,-0.53,0.59,2.18,3.99,2.53,0.75,0.32,1.27,2.38,7.5,5.88,3.35,3.65,4.86
2.03,2.7,3.84,4.66,5.83,1.46,1.36,2.83,4.16,5.52,1.68,1.27,2.42,3.6,4.91,4.04,2.62,2.48,2.98,3.57,8.49,7.18,5.05,5.12,5.99
6.71,7.13,7.77,8.23,8.94,6.38,6.37,7.25,8.03,8.86,6.55,6.34,7.1,7.8,8.56,8.28,7.3,7.16,7.37,7.61,11.67,10.77,9.14,9.11,9.73
12.41,12.81,13.18,13.48,13.96,12.31,12.42,12.96,13.46,14.03,12.4,12.44,12.9,13.36,13.92,13.15,12.93,12.92,13.17,13.44,14.78,14.62,13.97,14.12,14.62
17.23,17.69,17.89,18.11,18.4,17.46,17.67,18.03,18.37,18.71,17.55,17.8,18.27,18.6,18.92,17.44,18.11,18.59,18.73,18.84,17.28,17.97,18.5,18.75,18.99
22.24,22.78,22.9,23.29,23.74,22.57,22.85,23.11,23.63,24.12,22.53,22.94,23.31,23.89,24.39,21.65,22.91,23.54,24.01,24.45,20.09,21.36,22.73,23.29,23.6
24.13,24.65,24.58,24.92,25.45,24.65,24.98,24.92,25.23,25.73,24.63,25.12,25.26,25.57,25.98,23.43,25,25.81,26,26.15,21.28,22.83,24.57,25.02,25.11
22.45,22.98,23.04,23.32,23.73,22.78,23.05,23.29,23.55,23.87,22.79,23.2,23.63,23.86,24.05,21.92,23.27,24.06,24.1,24.08,20.26,21.6,23.05,23.36,23.38
18.89,19.4,19.56,19.91,20.36,19.07,19.31,19.7,20.17,20.65,19.08,19.43,19.98,20.46,20.88,18.46,19.57,20.21,20.44,20.63,17.36,18.47,19.58,19.97,20.17
13.51,13.93,14.23,14.85,15.69,13.4,13.56,14.01,14.81,15.75,13.35,13.5,13.95,14.73,15.64,13.42,13.72,13.87,14.37,14.93,13.81,14.16,14.25,14.66,15.2
7.32,7.83,8.49,9.39,10.61,6.87,6.91,7.82,9.01,10.4,6.83,6.71,7.4,8.55,9.95,7.88,7.25,7.02,7.8,8.71,10.16,9.63,8.56,8.98,9.86
3.32,3.97,5.08,6.24,7.75,2.61,2.53,4.01,5.64,7.39,2.66,2.34,3.42,4.95,6.7,4.49,3.33,3.08,4.03,5.14,8.16,7.12,5.38,5.79,6.88
1.79,2.49,3.71,4.81,6.3,1.13,1.03,2.55,4.2,5.97,1.3,0.92,1.94,3.45,5.22,3.54,2.05,1.69,2.5,3.51,8.01,6.64,4.42,4.68,5.79
2.06,2.78,4,5.12,6.51,1.5,1.4,3.05,4.69,6.32,1.72,1.32,2.57,4.06,5.68,4.13,2.66,2.46,3.21,4.08,8.7,7.35,5.17,5.39,6.43
5.03,5.66,6.66,7.44,8.45,4.6,4.53,6.08,7.34,8.54,4.85,4.56,5.92,7.08,8.25,6.87,5.84,5.87,6.4,6.97,10.61,9.68,8.02,8.18,9
9.6,10.34,11.33,12.13,13.12,9.2,9.21,10.85,12.12,13.3,9.35,9.17,10.74,11.93,13.07,10.8,10.44,10.92,11.43,11.93,13.28,12.99,12.24,12.51,13.2
16.09,17.07,18.14,18.71,19.34,15.88,15.98,17.5,18.55,19.38,15.97,15.96,17.41,18.38,19.14,16.6,17.07,18.04,18.29,18.44,17.33,17.85,18.21,18.49,18.81
23.31,23.99,24.33,24.31,24.24,23.63,23.88,24.26,24.5,24.53,23.69,24.11,24.58,24.76,24.72,22.8,24.33,25.38,25.23,24.95,20.93,22.43,24.11,24.32,24.15
24.27,25.03,25.27,25.59,25.85,24.55,24.92,25.26,25.66,25.97,24.32,24.73,25.24,25.72,26.07,23.1,24.54,25.17,25.58,25.96,21,22.45,24.06,24.63,24.84
21.99,22.63,22.91,23.43,24.04,22.12,22.35,22.84,23.53,24.21,22.11,22.46,23,23.69,24.33,21.42,22.63,23.37,23.78,24.17,20.09,21.3,22.6,23.13,23.4
16.79,17.25,17.48,18,18.77,16.82,17,17.4,18.11,18.97,16.86,17.09,17.57,18.29,19.11,16.72,17.36,17.8,18.26,18.75,16.56,17.23,17.77,18.22,18.67
12.24,12.72,13.14,13.85,14.79,12.07,12.2,12.8,13.76,14.86,12.04,12.12,12.66,13.63,14.74,12.36,12.44,12.54,13.22,13.97,13.2,13.35,13.21,13.69,14.37
6.75,7.3,8.03,8.79,9.81,6.35,6.41,7.28,8.38,9.64,6.3,6.17,6.78,7.88,9.19,7.36,6.65,6.31,7.12,8.08,9.74,9.13,7.95,8.36,9.28
2.54,3.35,4.57,5.53,6.76,1.86,1.84,3.22,4.63,6.11,1.79,1.45,2.29,3.61,5.18,3.61,2.18,1.54,2.49,3.64,7.51,6.22,4.12,4.48,5.63
0.66,1.45,2.8,3.71,4.89,-0.08,-0.17,1.31,2.71,4.16,-0.06,-0.43,0.36,1.6,3.1,1.9,0.42,-0.11,0.53,1.39,5.98,4.62,2.45,2.61,3.59
1.22,1.81,2.88,3.76,4.92,0.65,0.53,1.9,3.26,4.66,0.89,0.51,1.43,2.65,4.04,3.22,1.69,1.35,1.93,2.63,7.71,6.29,4.03,4.13,5.07
4.68,5.24,6.03,6.65,7.45,4.44,4.41,5.55,6.57,7.58,4.74,4.44,5.5,6.45,7.44,6.78,5.75,5.86,6.28,6.7,10.46,9.53,7.92,8.01,8.73
10.63,11.03,11.31,11.59,12.06,10.75,10.85,11.29,11.85,12.47,11,11,11.55,12.09,12.68,11.94,11.79,12.1,12.3,12.46,13.65,13.54,13.03,13.15,13.57
18.57,19.06,19.07,19.19,19.33,19.02,19.28,19.33,19.5,19.67,19.1,19.42,19.59,19.73,19.83,18.71,19.46,19.79,19.75,19.62,18.19,18.94,19.54,19.68,19.76
23.96,24.25,23.95,24.04,24.13,24.49,24.8,24.59,24.63,24.68,24.51,25.06,25.06,25.1,25.1,23.22,24.75,25.36,25.36,25.34,21.01,22.5,24.13,24.46,24.44
25.14,25.57,25.4,25.74,26.22,25.6,25.93,25.87,26.15,26.56,25.54,26.11,26.24,26.51,26.83,24.02,25.76,26.49,26.64,26.76,21.37,23.08,25.01,25.47,25.51
22.74,23.21,23.03,22.96,22.97,23.29,23.62,23.58,23.53,23.54,23.3,23.79,24.05,24.07,24.05,22.12,23.58,24.23,24.2,24.13,20.04,21.48,23.05,23.33,23.29
18.34,18.83,18.81,19.12,19.53,18.67,18.95,19.02,19.41,19.88,18.67,19,19.18,19.62,20.1,18.15,18.95,19.23,19.49,19.79,17.47,18.28,18.97,19.33,19.64
12.03,12.5,12.74,13.31,14.09,12.04,12.21,12.55,13.28,14.2,12.02,12.13,12.44,13.18,14.11,12.28,12.27,12.16,12.71,13.37,13.16,13.21,12.91,13.3,13.94
6.96,7.62,8.31,9.21,10.34,6.7,6.79,7.71,8.93,10.27,6.69,6.58,7.29,8.49,9.89,7.71,7.05,6.74,7.63,8.64,9.97,9.42,8.33,8.79,9.75
2.09,3.04,4.3,5.52,6.97,1.53,1.53,3.08,4.81,6.55,1.54,1.14,2.3,3.98,5.78,3.56,2.13,1.67,2.81,4.1,7.62,6.34,4.29,4.77,6.01
0.72,1.5,2.74,3.67,4.92,0.02,-0.02,1.27,2.73,4.3,0.02,-0.43,0.3,1.64,3.26,2.39,0.52,-0.22,0.47,1.36,7.31,5.59,2.88,3,4.11
1.31,1.86,2.85,3.74,4.97,0.74,0.62,1.94,3.28,4.78,1.01,0.59,1.5,2.71,4.21,3.58,1.82,1.36,1.94,2.67,8.52,6.9,4.33,4.39,5.41
5.32,5.78,6.44,6.98,7.76,5,4.97,5.98,6.93,7.94,5.23,4.97,5.89,6.78,7.79,7.12,6.07,5.99,6.32,6.69,10.66,9.7,8.03,8.07,8.78
11.62,12.1,12.51,12.98,13.63,11.61,11.7,12.36,13.08,13.88,11.81,11.84,12.46,13.1,13.83,12.61,12.54,12.83,12.93,13.02,14.12,14.1,13.66,13.74,14.12
18.68,19.38,19.78,19.89,20.06,18.84,19.09,19.71,20,20.23,18.8,19.06,19.82,20.05,20.21,18.43,19.41,20.12,19.98,19.79,17.73,18.72,19.61,19.75,19.76
23.19,23.69,23.76,23.93,24.17,23.51,23.8,23.95,24.19,24.43,23.45,23.9,24.2,24.41,24.58,22.37,23.85,24.63,24.63,24.59,20.38,21.85,23.45,23.77,23.75
24.35,24.83,24.81,24.96,25.32,24.67,24.98,24.93,24.98,25.23,24.59,25.08,25.11,25.1,25.22,23.35,24.81,25.4,25.32,25.25,21.23,22.67,24.22,24.49,24.47
23.01,23.51,23.52,23.72,24.1,23.29,23.6,23.65,23.79,24.06,23.19,23.67,23.82,23.92,24.06,22,23.4,23.94,23.91,23.88,19.99,21.38,22.84,23.13,23.14
17.56,17.99,18.09,18.45,19,17.73,17.95,18.26,18.68,19.24,17.75,18.05,18.51,18.94,19.44,17.34,18.18,18.64,18.96,19.28,16.7,17.55,18.33,18.73,19.04
12.59,12.99,13.22,13.85,14.73,12.61,12.77,13.16,13.99,14.96,12.63,12.76,13.21,14.07,15.03,12.82,13.04,13.2,13.84,14.54,13.4,13.68,13.7,14.18,14.8
6.92,7.32,7.83,8.61,9.74,6.6,6.67,7.29,8.3,9.56,6.56,6.46,6.9,7.88,9.13,7.55,6.86,6.49,7.23,8.11,9.83,9.24,8.08,8.45,9.32
3.52,3.9,4.65,5.65,7.02,2.97,2.93,3.88,5.19,6.72,3.01,2.76,3.35,4.58,6.11,4.61,3.42,2.92,3.77,4.81,8.02,6.95,5.16,5.51,6.54
2.21,2.63,3.54,4.61,6.05,1.65,1.57,2.77,4.21,5.8,1.79,1.46,2.32,3.62,5.17,3.75,2.45,2.12,2.89,3.83,7.6,6.41,4.5,4.77,5.77
3.09,3.51,4.36,5.27,6.46,2.68,2.61,3.85,5.14,6.46,2.89,2.56,3.59,4.78,6.05,4.96,3.76,3.68,4.27,4.95,8.79,7.71,5.91,6.09,6.94
6.41,6.78,7.31,7.94,8.85,6.29,6.32,7.02,7.95,8.96,6.48,6.28,6.93,7.79,8.77,8.12,7.23,7.17,7.58,8.03,11.23,10.43,9,9.12,9.83
12.27,12.67,13,13.29,13.73,12.39,12.52,13.17,13.65,14.14,12.57,12.6,13.4,13.85,14.3,13.3,13.37,13.81,13.91,13.96,14.58,14.69,14.45,14.56,14.87
18.19,18.64,18.74,18.79,18.91,18.49,18.78,18.73,18.76,18.86,18.42,18.69,18.67,18.63,18.65,18.03,18.66,18.86,18.63,18.4,17.66,18.3,18.72,18.73,18.77
23,23.56,23.49,23.41,23.33,23.56,23.95,23.8,23.7,23.63,23.47,23.96,23.91,23.85,23.81,22.26,23.51,23.79,23.79,23.81,20.44,21.69,22.92,23.19,23.26
23.81,24.24,24.04,24.18,24.47,24.31,24.68,24.41,24.45,24.69,24.21,24.73,24.59,24.63,24.84,22.87,24.23,24.56,24.64,24.76,20.76,22.1,23.52,23.86,23.97
21.86,22.39,22.38,22.61,22.96,22.26,22.57,22.67,22.9,23.24,22.23,22.64,22.89,23.15,23.46,21.32,22.51,23.01,23.18,23.35,19.8,20.99,22.21,22.58,22.74
17.2,17.64,17.67,18,18.56,17.45,17.7,17.76,18.19,18.79,17.45,17.74,17.91,18.36,18.95,17.08,17.75,18.01,18.35,18.74,16.67,17.37,17.92,18.29,18.68
10.62,11.1,11.38,12.01,12.93,10.6,10.77,11.15,11.98,13.04,10.59,10.62,10.97,11.85,12.96,11.17,10.86,10.62,11.34,12.19,12.69,12.47,11.79,12.22,13.03
5.74,6.41,7.16,8.08,9.27,5.43,5.49,6.52,7.75,9.13,5.45,5.26,6.04,7.27,8.68,6.84,5.88,5.48,6.39,7.43,9.81,8.97,7.47,7.89,8.92
1.42,2.15,3.26,4.27,5.63,0.81,0.75,2.03,3.46,5.01,0.88,0.51,1.28,2.56,4.1,2.99,1.41,0.82,1.55,2.47,7.29,5.84,3.54,3.73,4.78
0.18,0.83,1.98,3.02,4.43,-0.42,-0.55,0.9,2.37,3.95,-0.18,-0.61,0.34,1.61,3.11,2.35,0.63,0.24,0.81,1.54,7.22,5.62,3.13,3.2,4.17
1.28,1.93,3.05,3.98,5.2,0.76,0.64,2.2,3.57,4.93,1.06,0.61,1.87,3.06,4.32,3.69,2.12,2.01,2.49,3.03,8.5,7.06,4.75,4.77,5.64
4.94,5.46,6.24,6.82,7.61,4.66,4.62,5.73,6.66,7.57,4.94,4.63,5.65,6.46,7.27,7.03,5.92,5.95,6.15,6.34,10.84,9.83,8.07,8.01,8.62
12.09,12.65,13.13,13.32,13.63,12.15,12.29,12.83,13.18,13.53,12.26,12.34,12.72,12.94,13.19,12.81,12.73,12.77,12.58,12.36,14.08,14.04,13.53,13.42,13.6
18.09,18.52,18.72,18.79,18.89,18.27,18.49,18.79,18.95,19.05,18.24,18.49,18.86,18.96,19.02,17.89,18.61,18.99,18.89,18.76,17.41,18.14,18.72,18.82,18.89
21.74,21.93,21.67,21.51,21.38,22.2,22.47,22.26,22.06,21.9,22.24,22.65,22.7,22.54,22.35,21.48,22.58,23.09,22.97,22.8,20.25,21.33,22.39,22.55,22.52
23.59,23.87,23.58,23.63,23.78,24.07,24.41,24.15,24.13,24.22,23.98,24.44,24.52,24.58,24.65,22.84,24.2,24.76,24.89,24.97,20.94,22.3,23.74,24.11,24.19
21.39,21.68,21.51,21.6,21.83,21.71,22,21.89,21.94,22.11,21.68,22.04,22.17,22.27,22.38,20.99,21.99,22.44,22.48,22.48,19.86,20.87,21.84,22.08,22.18
17.13,17.47,17.51,17.85,18.4,17.25,17.47,17.58,17.96,18.51,17.19,17.44,17.63,18.03,18.55,16.94,17.44,17.59,17.87,18.19,16.79,17.32,17.66,17.97,18.34
11.92,12.34,12.71,13.29,14.07,11.76,11.93,12.41,13.16,14.07,11.64,11.7,12.1,12.89,13.85,11.96,11.85,11.66,12.28,13,13.02,12.99,12.55,12.95,13.66
6.52,7,7.76,8.55,9.59,5.99,6.02,7.01,8.14,9.38,5.88,5.73,6.41,7.53,8.85,6.94,6.17,5.77,6.61,7.58,9.36,8.71,7.47,7.89,8.82
2.91,3.39,4.42,5.32,6.47,2.1,2.03,3.36,4.75,6.17,2.05,1.73,2.65,3.98,5.49,3.76,2.53,2.08,2.98,4.04,7.31,6.2,4.37,4.74,5.79
1.15,1.77,2.99,3.92,5.15,0.39,0.3,1.71,3.14,4.62,0.41,0.02,0.86,2.18,3.69,2.43,0.93,0.4,1.14,2.06,6.6,5.22,3.02,3.23,4.25
1.8,2.38,3.47,4.4,5.55,1.3,1.2,2.65,4.06,5.44,1.51,1.13,2.23,3.51,4.89,3.7,2.39,2.26,2.9,3.64,7.85,6.64,4.69,4.87,5.78
6.08,6.57,7.26,7.72,8.37,5.91,5.95,6.77,7.57,8.39,6.06,5.85,6.52,7.27,8.09,7.66,6.75,6.64,6.95,7.29,10.81,9.99,8.5,8.56,9.19
12.02,12.42,12.65,12.77,12.99,12.22,12.38,12.7,12.96,13.28,12.37,12.43,12.77,13.02,13.34,13.05,12.95,13.11,13.12,13.1,14.45,14.41,13.93,13.94,14.26
18.08,18.63,18.81,18.77,18.68,18.38,18.68,18.97,18.99,18.92,18.34,18.61,19.05,19.05,18.98,17.99,18.77,19.2,19.05,18.84,17.54,18.33,18.94,19.02,19.07
22.37,22.84,22.76,22.73,22.62,22.89,23.21,23.35,23.37,23.27,22.92,23.39,23.8,23.89,23.81,21.9,23.39,24.2,24.19,24.09,19.99,21.47,23.06,23.37,23.34
23.5,24.14,24.28,24.68,25.21,23.77,24.11,24.24,24.63,25.08,23.59,24.05,24.18,24.51,24.87,22.41,23.71,24.12,24.19,24.27,20.55,21.84,23.18,23.5,23.62
21.73,22.17,22.16,22.37,22.72,22.08,22.33,22.44,22.64,22.9,22.13,22.53,22.77,22.89,23.03,21.41,22.5,23.02,22.94,22.82,20.18,21.26,22.32,22.51,22.52
17.82,18.25,18.25,18.52,18.93,18.14,18.38,18.49,18.83,19.26,18.18,18.52,18.76,19.1,19.49,17.67,18.52,18.91,19.07,19.25,16.91,17.77,18.55,18.84,19.06
12.53,12.81,12.9,13.61,14.56,12.59,12.74,13.02,13.87,14.91,12.64,12.78,13.14,14.02,15.06,12.86,13.02,13.12,13.8,14.56,13.5,13.72,13.68,14.17,14.84
7.96,8.33,8.68,9.46,10.61,7.8,7.91,8.35,9.36,10.66,7.8,7.76,8.09,9.11,10.43,8.58,8.04,7.68,8.49,9.46,10.47,10.02,9.08,9.52,10.41
2.51,2.88,3.61,4.69,6.27,1.99,1.93,2.9,4.26,5.93,2.09,1.82,2.47,3.72,5.35,3.77,2.57,2.15,3.01,4.08,7.21,6.13,4.37,4.72,5.76
0.49,0.68,1.33,2.09,3.39,-0.04,-0.19,0.69,1.78,3.15,0.2,-0.14,0.4,1.34,2.62,2.46,0.82,0.24,0.66,1.31,7.03,5.48,3.03,3.02,3.92
1.09,1.28,1.87,2.67,3.84,0.66,0.56,1.43,2.44,3.67,0.88,0.57,1.16,2,3.11,2.91,1.46,0.96,1.25,1.7,7.08,5.72,3.49,3.43,4.19
5.13,5.4,5.84,6.25,6.93,4.97,4.96,5.66,6.28,7.02,5.19,4.97,5.58,6.12,6.77,6.98,5.88,5.64,5.72,5.84,10.52,9.5,7.72,7.59,8.13
10.18,10.51,10.74,11.01,11.5,10.29,10.39,10.7,11.08,11.6,10.48,10.48,10.74,11.05,11.51,11.45,10.98,10.84,10.93,11.02,13.55,13.14,12.14,12.14,12.58
18.44,18.76,18.71,18.82,19.06,18.82,19.07,19.17,19.31,19.52,18.88,19.21,19.54,19.64,19.79,18.35,19.36,19.97,19.89,19.74,17.43,18.42,19.39,19.56,19.58
23.21,23.57,23.41,23.39,23.44,23.73,24.05,23.97,23.85,23.83,23.7,24.18,24.35,24.2,24.05,22.51,24.01,24.71,24.39,24.02,20.42,21.88,23.45,23.56,23.35
23.52,23.76,23.54,23.74,24.17,23.87,24.17,23.93,23.99,24.26,23.78,24.27,24.2,24.22,24.35,22.51,23.99,24.61,24.57,24.54,20.33,21.78,23.38,23.68,23.66
21.95,22.4,22.35,22.33,22.38,22.35,22.65,22.72,22.6,22.49,22.33,22.73,23.06,22.92,22.68,21.42,22.69,23.33,23.12,22.82,19.8,21.05,22.35,22.48,22.35
18.07,18.43,18.41,18.6,18.84,18.34,18.57,18.7,18.94,19.15,18.38,18.7,19,19.27,19.44,17.93,18.77,19.2,19.36,19.49,17.25,18.09,18.85,19.14,19.33
13.32,13.61,13.55,13.9,14.41,13.55,13.76,13.7,14.13,14.72,13.55,13.76,13.79,14.27,14.9,13.52,13.73,13.64,14.06,14.56,13.89,14.14,14.09,14.43,14.93
6.77,7.18,7.49,8.14,9.07,6.7,6.81,7.21,7.98,9.02,6.72,6.66,6.93,7.71,8.77,7.62,6.95,6.52,7.19,8.02,9.77,9.19,8.06,8.39,9.2
1.78,2.34,3.12,4.01,5.33,1.37,1.36,2.21,3.37,4.8,1.41,1.11,1.6,2.68,4.08,3.14,1.79,1.2,1.97,2.92,6.86,5.63,3.62,3.88,4.88
0.23,0.79,1.78,2.87,4.37,-0.25,-0.37,1,2.42,3.99,0,-0.36,0.61,1.83,3.29,2.27,0.79,0.48,1.08,1.81,6.67,5.29,3.1,3.22,4.14
0.74,1.25,2.22,3.21,4.53,0.3,0.17,1.71,3.13,4.52,0.67,0.24,1.59,2.83,4.08,3.28,1.79,1.75,2.23,2.75,8.03,6.65,4.42,4.45,5.29
3.68,4.14,4.87,5.56,6.5,3.4,3.33,4.61,5.73,6.81,3.76,3.4,4.7,5.78,6.79,6.13,4.94,5.09,5.61,6.1,10.34,9.25,7.42,7.53,8.34
9.32,9.99,10.74,11.25,11.85,9.2,9.23,10.6,11.51,12.25,9.48,9.34,10.78,11.67,12.36,10.94,10.51,10.88,11.2,11.43,13.45,13.09,12.22,12.36,12.89
16.9,17.67,18.15,18.34,18.56,17.28,17.48,18.2,18.66,18.97,17.48,17.7,18.42,18.81,19.08,17.54,18.25,18.95,18.9,18.74,17.5,18.21,18.79,18.91,19
21.78,22.25,22.17,22.2,22.31,22.36,22.69,22.55,22.61,22.7,22.41,22.82,22.92,22.92,22.92,21.57,22.82,23.49,23.19,22.85,20.11,21.33,22.57,22.65,22.53
23.68,24.1,24.04,24.54,25.27,23.94,24.25,24.32,24.72,25.35,23.79,24.24,24.48,24.83,25.31,22.61,24,24.55,24.7,24.85,20.66,22.05,23.51,23.91,24.04
21.48,22,22.08,22.27,22.68,21.75,22.01,22.26,22.5,22.86,21.72,22.1,22.5,22.69,22.94,20.96,22.07,22.6,22.52,22.46,19.68,20.78,21.86,22.06,22.11
18.41,18.97,19.16,19.69,20.4,18.61,18.84,19.24,19.89,20.63,18.62,18.94,19.41,20.03,20.71,18.12,19.05,19.55,19.89,20.25,17.28,18.23,19.13,19.56,19.88
12.34,12.89,13.23,13.88,14.77,12.39,12.56,13.07,13.92,14.94,12.46,12.54,13.08,13.93,14.96,12.88,12.92,13.03,13.65,14.35,13.86,13.98,13.76,14.2,14.87
6.26,6.87,7.58,8.39,9.49,5.87,5.92,6.84,7.98,9.27,5.85,5.64,6.38,7.54,8.89,7.22,6.3,5.96,6.87,7.93,10.15,9.35,7.91,8.35,9.37
0.87,1.41,2.42,3.42,4.85,0.21,0.06,1.36,2.8,4.42,0.45,0.09,0.92,2.24,3.81,2.64,1.2,0.88,1.6,2.5,6.85,5.52,3.42,3.63,4.64
0.8,1.24,2.18,3.05,4.35,0.23,0.09,1.36,2.64,4.05,0.51,0.17,1.05,2.14,3.46,2.76,1.26,0.87,1.34,2,7.14,5.74,3.49,3.54,4.41
1.55,1.86,2.63,3.45,4.68,1.09,0.96,2.17,3.35,4.65,1.4,1.03,2.01,3.04,4.23,3.83,2.26,1.93,2.38,2.96,8.41,6.96,4.63,4.64,5.52
4.89,5.08,5.54,6.17,7.14,4.55,4.49,5.39,6.34,7.4,4.78,4.51,5.43,6.34,7.33,6.7,5.63,5.56,6.02,6.5,10.27,9.3,7.64,7.75,8.5
11.72,12.12,12.46,12.71,13.09,11.65,11.78,12.36,12.87,13.36,11.72,11.7,12.41,12.92,13.4,12.53,12.35,12.53,12.73,12.89,14.08,13.97,13.44,13.56,13.97
19.31,19.76,19.77,19.66,19.58,19.65,19.96,19.78,19.7,19.68,19.59,19.94,19.76,19.64,19.59,18.99,19.6,19.56,19.35,19.13,18.37,19,19.39,19.4,19.44
22.64,23.07,22.94,23.17,23.48,23.11,23.44,23.22,23.37,23.66,23.05,23.52,23.31,23.44,23.71,22.01,23.08,23.28,23.46,23.67,20.5,21.57,22.62,22.97,23.16
24.08,24.37,24.09,24.44,25.08,24.51,24.84,24.53,24.77,25.32,24.42,24.93,24.83,25.07,25.54,23.09,24.54,25.04,25.31,25.62,20.92,22.35,23.93,24.42,24.6
22.7,23.08,22.94,23.06,23.35,23.09,23.39,23.42,23.5,23.72,23.05,23.53,23.79,23.89,24.04,21.9,23.29,23.83,23.84,23.85,19.97,21.33,22.77,23.08,23.11
18.26,18.64,18.65,18.88,19.22,18.49,18.73,18.87,19.15,19.49,18.5,18.84,19.1,19.38,19.67,17.91,18.82,19.22,19.33,19.47,17.01,17.92,18.77,19.05,19.23
12.17,12.61,12.85,13.5,14.33,12.15,12.32,12.7,13.48,14.42,12.08,12.2,12.59,13.4,14.36,12.19,12.33,12.32,12.99,13.75,12.74,12.94,12.87,13.35,14.01
7.35,7.86,8.47,9.35,10.51,7.02,7.08,7.92,9.1,10.46,6.99,6.9,7.54,8.74,10.15,7.87,7.35,7.14,8.05,9.08,9.86,9.44,8.55,9.06,9.98
2.53,3.04,3.99,4.95,6.23,1.88,1.8,3.02,4.38,5.88,1.94,1.62,2.41,3.69,5.22,3.84,2.5,2.05,2.85,3.85,7.75,6.52,4.52,4.8,5.84
0.14,0.43,1.32,2.17,3.44,-0.52,-0.69,0.4,1.6,2.99,-0.28,-0.65,-0.04,0.93,2.21,2.02,0.37,-0.11,0.19,0.72,6.62,5.08,2.63,2.54,3.37
1.4,1.47,2.13,2.94,4.1,0.81,0.63,1.73,2.84,4.07,1.14,0.78,1.64,2.57,3.67,3.54,2.03,1.78,2.09,2.5,8.08,6.67,4.39,4.33,5.1
6.74,6.97,7.54,7.89,8.4,6.32,6.28,7.35,8,8.57,6.5,6.28,7.36,7.94,8.44,8.15,7.32,7.32,7.46,7.58,11.22,10.47,9.06,9.01,9.51
10.94,11.17,11.51,11.79,12.19,10.78,10.82,11.53,12.07,12.55,10.98,10.94,11.75,12.26,12.72,12.01,11.86,12.29,12.44,12.56,13.77,13.68,13.19,13.29,13.69
17.36,17.86,18.18,18.27,18.36,17.46,17.67,18.27,18.55,18.71,17.46,17.65,18.48,18.78,18.91,17.37,18.11,18.75,18.77,18.69,17.19,17.95,18.56,18.74,18.87
22.21,22.47,22.3,22.29,22.4,22.56,22.86,22.65,22.71,22.84,22.52,22.98,22.98,23.05,23.13,21.41,22.86,23.56,23.4,23.21,19.53,20.95,22.45,22.66,22.59
24.54,24.85,24.64,24.7,24.92,24.9,25.25,25.06,24.98,25.1,24.71,25.25,25.27,25.21,25.25,23.15,24.73,25.21,25.15,25.12,20.59,22.16,23.86,24.17,24.13
22.28,22.71,22.65,22.87,23.22,22.59,22.87,22.96,23.13,23.39,22.54,22.97,23.23,23.39,23.56,21.57,22.84,23.4,23.43,23.43,19.91,21.17,22.49,22.78,22.83
17.7,18.03,18.06,18.45,19.08,17.83,18.03,18.24,18.72,19.36,17.88,18.18,18.52,19,19.58,17.53,18.31,18.73,18.97,19.25,17.02,17.82,18.5,18.84,19.14
12.75,13.05,13.13,13.58,14.31,12.79,12.96,13.12,13.69,14.5,12.8,12.94,13.15,13.74,14.55,13.02,13.08,13.01,13.46,14,13.82,13.93,13.69,14.02,14.59
6.82,7.28,7.78,8.5,9.49,6.56,6.64,7.28,8.21,9.36,6.53,6.42,6.9,7.85,9.03,7.58,6.82,6.4,7.15,8.06,9.99,9.33,8.08,8.45,9.34
2.34,2.8,3.58,4.44,5.76,1.81,1.8,2.55,3.68,5.13,1.77,1.51,1.79,2.83,4.3,3.35,1.93,1.08,1.87,2.93,6.94,5.65,3.55,3.82,4.89
1.43,2.07,3.16,4.07,5.32,0.77,0.73,2.05,3.32,4.74,0.75,0.36,1.23,2.4,3.85,2.78,1.18,0.5,1.3,2.27,7.02,5.56,3.23,3.47,4.55
1.63,2.26,3.4,4.3,5.49,1.04,0.95,2.5,3.88,5.28,1.22,0.79,2.01,3.31,4.7,3.61,2.12,1.91,2.63,3.43,8.09,6.73,4.56,4.75,5.75
5.5,5.94,6.58,7.13,7.91,5.26,5.26,6.16,7.09,8.07,5.45,5.21,6.04,6.95,7.95,7.18,6.27,6.28,6.73,7.19,10.43,9.62,8.17,8.3,9.01
10.42,11.09,11.85,12.25,12.78,10.25,10.31,11.65,12.41,13.08,10.43,10.31,11.75,12.49,13.15,11.61,11.54,12.22,12.43,12.58,13.43,13.42,13.05,13.2,13.61
17.43,18.22,18.77,18.99,19.15,17.63,17.83,18.6,19.14,19.42,17.75,17.95,18.78,19.27,19.51,17.72,18.56,19.41,19.42,19.29,17.43,18.28,19.06,19.25,19.33
22.13,22.63,22.56,22.5,22.5,22.71,23.03,22.87,22.85,22.86,22.75,23.18,23.24,23.23,23.18,21.85,23.11,23.74,23.64,23.49,20.28,21.52,22.82,23.02,22.98
24.81,25.47,25.45,25.55,25.66,25.37,25.79,25.63,25.63,25.65,25.21,25.76,25.67,25.68,25.64,23.68,25.25,25.72,25.68,25.62,21.18,22.73,24.4,24.71,24.66
21.09,21.52,21.43,21.85,22.51,21.46,21.76,21.63,21.94,22.49,21.41,21.78,21.79,22.05,22.5,20.71,21.63,21.95,22.14,22.36,19.67,20.61,21.48,21.81,22.05
17.99,18.52,18.63,19.05,19.71,18.29,18.56,18.72,19.17,19.82,18.27,18.56,18.84,19.3,19.89,17.79,18.6,18.99,19.31,19.66,17.1,17.93,18.69,19.08,19.41
11.97,12.49,12.81,13.32,14.12,11.93,12.16,12.33,12.87,13.73,11.73,11.83,11.87,12.41,13.27,11.87,11.7,11.28,11.75,12.38,12.78,12.7,12.17,12.48,13.14
5.7,6.4,7.27,8.06,9.16,5.25,5.32,6.28,7.31,8.55,5.15,4.97,5.52,6.49,7.78,6.3,5.37,4.83,5.59,6.51,8.99,8.17,6.71,7.05,7.97
1.18,1.84,2.88,3.7,4.89,0.53,0.51,1.53,2.73,4.14,0.46,0.09,0.6,1.73,3.2,2.41,0.73,-0.1,0.69,1.74,6.66,5.13,2.7,2.93,4.05
0.17,0.73,1.69,2.49,3.71,-0.41,-0.43,0.32,1.44,2.86,-0.44,-0.85,-0.67,0.3,1.74,1.75,-0.24,-1.35,-0.73,0.11,6.64,4.78,1.86,1.9,2.99
0.58,1.1,2.03,2.79,3.92,0.06,0,1.1,2.14,3.37,0.24,-0.19,0.47,1.36,2.56,2.78,0.84,0.11,0.54,1.14,7.9,6.09,3.25,3.19,4.14
2.99,3.47,4.23,4.77,5.6,2.68,2.63,3.69,4.56,5.49,2.94,2.58,3.5,4.28,5.18,5.23,3.83,3.65,3.97,4.34,9.48,8.19,6.09,6.06,6.8
8.91,9.49,10.08,10.45,11.01,8.9,8.97,9.88,10.53,11.2,9.14,9.03,9.98,10.62,11.27,10.4,10.11,10.55,10.9,11.18,12.53,12.31,11.67,11.85,12.36
17.31,17.84,18.1,18.31,18.56,17.58,17.78,18.11,18.49,18.79,17.67,17.93,18.37,18.72,18.94,17.37,18.33,19.11,19.14,19.05,16.71,17.66,18.61,18.83,18.89
22.72,23.14,23.03,23.22,23.54,23.16,23.51,23.29,23.44,23.72,23.04,23.51,23.49,23.64,23.84,21.85,23.22,23.72,23.78,23.8,19.93,21.28,22.71,23.03,23.08
23.63,24.12,24.22,24.68,25.38,23.81,24.11,24.26,24.64,25.23,23.67,24.12,24.27,24.59,25.06,22.53,23.84,24.32,24.49,24.69,20.71,22.02,23.39,23.79,23.96
21.01,21.69,22.05,22.51,23.13,21.13,21.36,21.92,22.41,22.96,21.11,21.42,22,22.39,22.78,20.59,21.57,22.15,22.22,22.28,19.65,20.63,21.6,21.86,22
16.59,17.34,17.87,18.35,18.95,16.58,16.76,17.56,18.29,18.99,16.58,16.77,17.58,18.32,19,16.55,17.18,17.7,18.14,18.58,16.47,17.13,17.68,18.1,18.53
12.13,12.66,13.01,13.46,14.09,12.15,12.31,12.76,13.53,14.39,12.18,12.32,12.76,13.59,14.53,12.32,12.56,12.71,13.3,13.94,12.79,13.08,13.14,13.58,14.16
6.89,7.41,7.9,8.57,9.48,6.78,6.89,7.41,8.33,9.45,6.8,6.74,7.05,7.96,9.12,7.69,7.05,6.67,7.24,7.95,9.84,9.29,8.17,8.45,9.21
1.46,1.98,2.77,3.53,4.68,1.06,1.05,1.85,2.86,4.14,1.12,0.82,1.17,2.05,3.32,2.95,1.43,0.67,1.2,1.95,6.94,5.54,3.27,3.35,4.27
0.11,0.61,1.48,2.31,3.51,-0.29,-0.35,0.59,1.64,2.91,-0.1,-0.46,-0.02,0.82,2,2.1,0.36,-0.36,0,0.55,6.69,5.06,2.49,2.41,3.27
0.99,1.46,2.23,2.98,4,0.71,0.65,1.71,2.72,3.81,0.97,0.61,1.43,2.3,3.32,3.17,1.75,1.46,1.87,2.38,7.47,6.14,3.99,4,4.8
4.54,5.01,5.63,6.17,6.89,4.4,4.4,5.29,6.13,6.95,4.65,4.38,5.23,6.02,6.82,6.53,5.54,5.58,6.02,6.44,10.04,9.14,7.58,7.69,8.38
10.49,10.75,10.77,10.8,11.11,10.77,10.93,10.86,10.98,11.36,10.94,11,11.02,11.14,11.46,11.67,11.39,11.35,11.25,11.18,13.3,13.07,12.34,12.26,12.57
17.27,17.56,17.49,17.48,17.57,17.66,17.9,17.98,17.94,18,17.77,18.02,18.33,18.27,18.25,17.62,18.31,18.81,18.54,18.22,17.4,18.09,18.6,18.59,18.57
21.53,21.78,21.56,21.47,21.46,22.02,22.3,22.21,22.08,22.02,22.05,22.45,22.68,22.58,22.46,21.23,22.45,23.1,22.98,22.8,19.77,20.98,22.22,22.4,22.35
23.55,23.74,23.37,23.17,23.05,24.03,24.38,24.08,23.82,23.64,23.91,24.39,24.48,24.35,24.19,22.65,24.04,24.5,24.48,24.42,20.63,22,23.44,23.72,23.71
21.16,21.34,21.07,21.22,21.44,21.45,21.7,21.58,21.7,21.9,21.45,21.85,21.9,22.08,22.27,20.65,21.7,22.1,22.19,22.29,19.42,20.45,21.47,21.76,21.9
16.97,17.2,17.05,17.32,17.75,17.23,17.43,17.44,17.77,18.24,17.31,17.61,17.81,18.18,18.64,16.94,17.66,18,18.23,18.49,16.45,17.18,17.8,18.11,18.39
12.73,13.1,13.26,13.92,14.73,12.78,12.93,13.33,14.14,15.06,12.83,12.99,13.42,14.26,15.19,12.97,13.22,13.35,13.97,14.63,13.49,13.79,13.83,14.29,14.89
6.87,7.3,7.78,8.62,9.76,6.59,6.65,7.34,8.44,9.73,6.62,6.54,7.13,8.2,9.5,7.55,7.06,6.94,7.75,8.67,9.52,9.12,8.28,8.73,9.57
1.75,2.25,3.14,4.22,5.77,1.15,1.07,2.23,3.69,5.41,1.25,0.96,1.76,3.14,4.84,2.99,1.84,1.54,2.49,3.64,6.48,5.43,3.74,4.16,5.23
0.09,0.46,1.28,2.18,3.6,-0.43,-0.56,0.4,1.64,3.18,-0.17,-0.54,0.01,1.07,2.49,2.14,0.48,-0.03,0.47,1.18,6.79,5.24,2.78,2.82,3.76
0.64,0.93,1.67,2.56,3.84,0.19,0.06,1.15,2.32,3.66,0.53,0.12,0.95,1.95,3.16,3.12,1.38,0.94,1.37,1.93,8.09,6.46,3.88,3.85,4.75
4.11,4.48,5.1,5.82,6.76,3.86,3.8,4.84,5.88,6.91,4.18,3.88,4.85,5.79,6.75,6.35,5.15,5.1,5.48,5.86,10.35,9.24,7.38,7.41,8.14
12.46,12.92,13.24,13.53,13.95,12.57,12.71,13.24,13.76,14.26,12.74,12.8,13.41,13.86,14.28,13.38,13.44,13.77,13.77,13.7,14.62,14.71,14.43,14.46,14.71
18.38,18.9,19.07,19.56,20.28,18.63,18.89,19.01,19.52,20.21,18.61,18.88,19.03,19.41,19.96,18.19,19.01,19.5,19.43,19.4,17.54,18.36,19.11,19.26,19.39
22.63,22.92,22.61,22.76,23.24,23.2,23.52,23.02,22.98,23.34,23.21,23.69,23.38,23.23,23.41,22.15,23.4,23.86,23.63,23.45,20.44,21.66,22.91,23.04,22.99
23.53,24.16,24.24,24.64,25.24,23.87,24.21,24.37,24.65,25.09,23.73,24.18,24.46,24.7,25,22.54,23.89,24.37,24.55,24.76,20.57,21.92,23.36,23.77,23.92
21.33,21.93,22.04,22.34,22.79,21.64,21.91,22.2,22.59,23.01,21.66,22.02,22.45,22.86,23.26,21,22.05,22.58,22.86,23.11,19.84,20.91,21.97,22.37,22.61
17.79,18.22,18.25,18.6,19.11,18,18.21,18.32,18.8,19.4,18.03,18.33,18.55,19.05,19.65,17.61,18.41,18.82,19.13,19.48,16.98,17.79,18.54,18.92,19.23
12.23,12.6,12.69,13.13,13.81,12.3,12.47,12.55,13.12,13.93,12.33,12.45,12.54,13.13,13.94,12.63,12.59,12.47,12.88,13.41,13.61,13.62,13.25,13.54,14.1
5.92,6.46,7.01,7.77,8.81,5.68,5.76,6.33,7.26,8.44,5.68,5.54,5.83,6.73,7.91,6.89,5.92,5.35,6.02,6.86,9.69,8.83,7.28,7.56,8.45
0.69,1.17,2,3,4.47,0.18,0.09,1.03,2.31,3.89,0.34,0.04,0.49,1.59,3.1,2.25,0.78,0.17,0.82,1.71,6.23,4.87,2.71,2.87,3.85
0.19,0.6,1.34,2.35,3.88,-0.16,-0.26,0.62,1.86,3.43,0.09,-0.21,0.27,1.29,2.71,2.19,0.68,0.16,0.68,1.42,6.42,5,2.76,2.83,3.75
0.56,1,1.79,2.81,4.25,0.2,0.09,1.33,2.66,4.13,0.52,0.14,1.17,2.35,3.71,2.87,1.43,1.25,1.83,2.53,7.28,5.95,3.82,3.93,4.85
3.24,3.58,4.17,4.76,5.66,2.95,2.88,3.91,4.86,5.88,3.26,2.92,3.98,4.89,5.84,5.45,4.24,4.25,4.67,5.11,9.41,8.3,6.48,6.53,7.28
10.44,10.69,10.8,10.98,11.34,10.57,10.66,10.99,11.43,11.92,10.84,10.82,11.37,11.83,12.29,11.86,11.63,11.93,12.04,12.08,13.68,13.5,12.9,12.94,13.31
18.34,18.83,18.88,19.01,19.17,18.68,18.97,18.95,19.08,19.28,18.65,18.93,19.01,19.11,19.25,18.29,18.95,19.22,19.11,18.96,17.93,18.6,19.07,19.16,19.24
23.11,23.26,22.85,22.99,23.42,23.63,23.93,23.4,23.39,23.71,23.65,24.17,23.87,23.8,23.97,22.47,23.87,24.43,24.3,24.17,20.51,21.88,23.33,23.55,23.51
25.13,25.44,25.21,25.53,26.08,25.55,25.87,25.79,25.88,26.18,25.48,26.01,26.24,26.25,26.33,24.05,25.82,26.69,26.58,26.4,21.43,23.16,25.13,25.43,25.29
21.86,22.43,22.54,22.89,23.41,22.15,22.45,22.67,22.98,23.35,22.04,22.41,22.85,23.12,23.36,21.17,22.4,23.03,23.13,23.21,19.62,20.85,22.15,22.49,22.58
17.36,17.9,18.07,18.42,18.97,17.59,17.83,18.14,18.61,19.18,17.59,17.85,18.31,18.8,19.34,17.3,18.02,18.43,18.73,19.02,16.86,17.6,18.24,18.6,18.92
12.67,12.99,13.04,13.51,14.22,12.81,13,13.22,13.88,14.71,12.85,13.02,13.39,14.1,14.96,12.93,13.2,13.32,13.8,14.35,13.32,13.64,13.7,14.1,14.61
7.34,7.72,7.91,8.51,9.51,7.38,7.52,7.73,8.5,9.65,7.38,7.38,7.48,8.27,9.44,8.02,7.5,7.04,7.64,8.44,9.79,9.35,8.39,8.71,9.48
2.25,2.77,3.47,4.4,5.76,1.97,1.95,2.86,4.02,5.49,2.12,1.89,2.46,3.51,4.93,3.74,2.61,2.2,2.93,3.85,7.14,6.1,4.37,4.65,5.59
0.53,1.12,2.07,3.22,4.79,0.14,0.05,1.39,2.87,4.5,0.41,0.04,1.07,2.37,3.87,2.67,1.25,1.01,1.73,2.59,7.03,5.71,3.6,3.81,4.8
1.89,2.46,3.38,4.36,5.64,1.53,1.44,2.87,4.26,5.63,1.83,1.48,2.76,4.01,5.26,3.99,2.87,2.99,3.6,4.25,7.95,6.92,5.21,5.4,6.23
6.13,6.65,7.4,8.24,9.26,5.84,5.79,7.12,8.36,9.46,6.12,5.87,7.21,8.38,9.39,7.96,7.25,7.65,8.2,8.66,11.1,10.49,9.33,9.56,10.25
10.84,11.2,11.48,11.98,12.71,10.85,10.92,11.44,12.22,13.02,11.06,11.05,11.69,12.42,13.14,12.04,11.83,12.1,12.44,12.72,13.84,13.69,13.12,13.32,13.82
18.64,19.2,19.32,19.27,19.26,19,19.25,19.38,19.4,19.41,19.07,19.38,19.56,19.51,19.41,18.68,19.46,19.85,19.5,19.08,18.15,18.91,19.51,19.46,19.35
23.37,23.64,23.41,23.39,23.41,23.73,24.01,23.8,23.71,23.67,23.73,24.21,24.17,24.05,23.93,22.69,23.98,24.48,24.36,24.2,20.96,22.21,23.52,23.71,23.65
24.49,24.78,24.43,24.51,24.71,24.96,25.31,25.02,25.04,25.19,24.89,25.43,25.49,25.6,25.72,23.54,25.08,25.66,25.87,26.04,21.24,22.76,24.44,24.89,24.97
22.29,22.64,22.45,22.74,23.19,22.63,22.93,22.78,23.05,23.48,22.56,22.99,23.04,23.35,23.74,21.63,22.74,23.08,23.32,23.59,20.22,21.32,22.42,22.81,23.04
17.47,17.66,17.44,17.85,18.59,17.75,17.95,17.73,18.13,18.88,17.83,18.15,18.03,18.44,19.13,17.49,18.1,18.29,18.59,18.97,17.17,17.79,18.26,18.59,18.97
12.89,13.06,12.95,13.47,14.36,13.01,13.19,13.09,13.62,14.55,13.01,13.19,13.2,13.75,14.64,13.05,13.2,13.11,13.58,14.18,13.55,13.75,13.64,14.01,14.58
7.44,7.79,8.07,8.69,9.72,7.31,7.44,7.73,8.46,9.55,7.27,7.22,7.42,8.13,9.21,8.04,7.42,6.97,7.54,8.28,10.04,9.52,8.43,8.71,9.48
2.25,2.69,3.39,4.25,5.58,1.81,1.8,2.65,3.75,5.19,1.86,1.61,2.09,3.12,4.57,3.47,2.19,1.56,2.27,3.23,6.98,5.81,3.88,4.12,5.12
0.78,1.24,2.11,3.12,4.53,0.35,0.24,1.47,2.82,4.33,0.62,0.3,1.15,2.33,3.76,2.73,1.35,1.03,1.64,2.43,6.84,5.56,3.51,3.66,4.59
1.41,1.94,2.77,3.82,5.23,1.16,1.08,2.36,3.78,5.29,1.52,1.14,2.26,3.54,4.95,3.93,2.54,2.46,3.12,3.87,8.37,7.08,5.02,5.2,6.14
4.92,5.48,6.14,6.92,7.96,4.88,4.88,5.95,7.02,8.13,5.23,4.99,6.03,7.01,8,7.12,6.25,6.44,6.88,7.28,10.48,9.69,8.29,8.42,9.1
11.42,11.96,12.28,12.68,13.24,11.66,11.81,12.26,12.84,13.42,11.89,11.94,12.42,12.91,13.38,12.68,12.56,12.75,12.85,12.93,14.25,14.17,13.65,13.72,14.09
18.09,18.67,18.76,19.05,19.44,18.57,18.86,19.02,19.29,19.62,18.68,19,19.26,19.43,19.65,18.35,19.13,19.54,19.48,19.38,17.95,18.73,19.33,19.46,19.58
22.55,23.13,23.08,23.12,23.28,23.04,23.42,23.27,23.27,23.38,22.88,23.4,23.33,23.32,23.38,21.51,22.91,23.27,23.23,23.22,19.42,20.81,22.23,22.51,22.54
25.09,25.51,25.35,25.59,25.91,25.5,25.83,25.81,25.99,26.24,25.43,26.01,26.16,26.34,26.53,23.84,25.63,26.33,26.44,26.51,21.11,22.86,24.82,25.27,25.26
22.4,22.97,23.05,23.39,23.89,22.67,22.97,23.17,23.54,24,22.56,23,23.29,23.65,24.04,21.47,22.73,23.16,23.37,23.62,19.73,20.98,22.29,22.69,22.88
18.27,18.68,18.66,18.92,19.41,18.54,18.79,18.8,19.16,19.73,18.53,18.87,18.99,19.37,19.93,17.94,18.79,19.09,19.34,19.67,17.14,18,18.76,19.13,19.44
13.21,13.65,13.79,14.27,15.03,13.26,13.49,13.5,14.05,14.91,13.13,13.3,13.21,13.77,14.64,13.15,13.11,12.71,13.18,13.81,13.86,13.88,13.49,13.82,14.46
6.17,6.85,7.61,8.45,9.62,5.69,5.8,6.65,7.73,9.08,5.51,5.33,5.85,6.92,8.38,6.61,5.58,4.82,5.83,7.06,9.39,8.48,6.88,7.37,8.5
1.98,2.9,4.18,5.05,6.3,1.23,1.22,2.6,3.97,5.53,1.1,0.73,1.55,2.88,4.54,2.91,1.45,0.8,1.78,2.97,6.81,5.5,3.38,3.76,4.93
0.16,0.83,1.96,2.97,4.45,-0.45,-0.59,0.72,2.15,3.85,-0.23,-0.58,0.1,1.35,3,1.98,0.39,-0.11,0.52,1.4,6.39,4.91,2.59,2.73,3.75
1.14,1.76,2.8,3.78,5.13,0.67,0.55,2.13,3.57,5.07,0.98,0.62,1.94,3.22,4.62,3.25,1.94,1.85,2.45,3.16,7.49,6.28,4.3,4.45,5.35
5.32,5.88,6.62,7.21,8.01,5.11,5.09,6.31,7.36,8.33,5.39,5.13,6.39,7.39,8.32,7.25,6.47,6.78,7.17,7.53,10.54,9.84,8.55,8.67,9.31
10.71,11.09,11.35,11.64,12.09,10.86,10.95,11.41,11.92,12.49,11.17,11.17,11.71,12.19,12.68,12.23,12.05,12.42,12.42,12.37,14.13,13.99,13.4,13.39,13.71
17.99,18.66,18.9,19.04,19.21,18.32,18.6,18.88,19.1,19.27,18.35,18.61,18.97,19.11,19.2,18.14,18.77,19.12,18.97,18.76,17.95,18.6,19.02,19.08,19.15
22.58,23.07,22.95,23.12,23.37,23.09,23.43,23.33,23.44,23.62,23.09,23.59,23.67,23.72,23.79,21.96,23.39,24,23.91,23.79,20.09,21.49,22.95,23.19,23.16
24.73,25.19,25.14,25.8,26.7,24.98,25.3,25.4,26.03,26.85,24.85,25.36,25.62,26.21,26.92,23.48,25.07,25.72,26.08,26.46,21.11,22.7,24.47,25.05,25.27
21.97,22.44,22.41,22.75,23.34,22.4,22.66,22.8,23.18,23.73,22.5,22.94,23.28,23.61,24.02,21.62,22.97,23.71,23.78,23.86,19.99,21.3,22.73,23.06,23.15
17.93,18.33,18.34,18.76,19.39,18.21,18.41,18.6,19.09,19.73,18.33,18.62,18.97,19.44,20,18.07,18.83,19.31,19.57,19.85,17.64,18.41,19.09,19.43,19.74
11.99,12.34,12.52,13.17,14.1,11.95,12.09,12.47,13.28,14.31,12,12.06,12.5,13.35,14.37,12.54,12.42,12.38,13.04,13.77,13.81,13.76,13.32,13.75,14.47
6.78,7.23,7.84,8.82,10.12,6.38,6.4,7.33,8.63,10.13,6.43,6.29,7.02,8.32,9.85,7.64,6.91,6.67,7.58,8.63,10.18,9.55,8.38,8.84,9.82
3.05,3.63,4.72,5.91,7.4,2.36,2.25,3.78,5.43,7.16,2.47,2.17,3.31,4.83,6.53,4.3,3.22,3.08,3.96,4.99,7.8,6.84,5.23,5.61,6.62
0.99,1.39,2.5,3.86,5.58,0.27,0.04,1.8,3.63,5.49,0.61,0.26,1.62,3.23,4.96,2.83,1.66,1.75,2.51,3.4,6.8,5.73,4.01,4.29,5.25
2.37,2.67,3.58,4.64,6,1.77,1.6,3.17,4.72,6.21,2.08,1.72,3.15,4.53,5.9,4.34,3.18,3.32,3.9,4.56,8.37,7.32,5.56,5.74,6.59
6.45,6.82,7.62,8.5,9.52,5.95,5.87,7.35,8.66,9.82,6.18,5.92,7.4,8.63,9.72,7.94,7.3,7.71,8.29,8.8,10.94,10.39,9.31,9.58,10.28
11.86,12.33,12.83,13.52,14.4,11.8,11.88,12.71,13.74,14.72,11.97,11.96,12.92,13.85,14.73,12.8,12.9,13.5,13.81,14.08,14.11,14.26,14.13,14.37,14.82
18.57,19.09,19.31,19.66,20.16,18.79,19.04,19.36,19.81,20.34,18.76,19.02,19.44,19.84,20.28,18.4,19.2,19.69,19.74,19.78,17.83,18.65,19.36,19.59,19.76
23.56,24.03,24.05,24.38,24.87,23.9,24.21,24.17,24.5,24.97,23.78,24.25,24.27,24.54,24.93,22.58,23.93,24.4,24.53,24.69,20.61,21.95,23.39,23.76,23.88
25.13,25.6,25.52,25.75,26.21,25.55,25.88,25.8,25.97,26.37,25.45,26.01,26.04,26.17,26.47,23.94,25.6,26.23,26.26,26.31,21.38,23.01,24.82,25.2,25.21
22.92,23.32,23.24,23.38,23.59,23.3,23.59,23.71,23.84,24.01,23.31,23.72,24.11,24.26,24.36,22.41,23.72,24.43,24.41,24.34,20.77,22.07,23.44,23.71,23.7
18.1,18.44,18.43,18.77,19.24,18.31,18.54,18.76,19.19,19.7,18.35,18.63,19.08,19.54,20.02,18.06,18.83,19.29,19.53,19.78,17.62,18.41,19.08,19.42,19.7
12.35,12.7,12.97,13.54,14.29,12.19,12.33,12.85,13.67,14.59,12.11,12.22,12.75,13.63,14.61,12.32,12.39,12.34,12.95,13.67,13.1,13.22,13.02,13.45,14.11
6.54,6.88,7.48,8.37,9.55,6,6.01,6.89,8.12,9.52,5.93,5.81,6.41,7.63,9.1,6.95,6.22,5.82,6.64,7.63,9.27,8.64,7.46,7.87,8.8
2.67,3.17,4.2,5.27,6.66,1.91,1.81,3.21,4.73,6.36,1.96,1.68,2.61,4,5.63,3.59,2.47,2.09,2.91,3.91,6.94,5.93,4.24,4.57,5.56
0.25,0.66,1.67,2.63,4.01,-0.41,-0.56,0.73,2.12,3.67,-0.23,-0.56,0.2,1.38,2.87,1.8,0.36,-0.09,0.38,1.11,5.95,4.59,2.43,2.49,3.39
0.93,1.39,2.36,3.42,4.79,0.39,0.26,1.67,3.15,4.65,0.66,0.27,1.32,2.6,4.03,3.05,1.52,1.22,1.76,2.44,7.66,6.23,3.94,4.02,4.95
4.39,4.82,5.57,6.36,7.34,4.05,3.98,5.19,6.32,7.43,4.35,4.03,5.13,6.14,7.18,6.59,5.37,5.37,5.79,6.22,10.62,9.51,7.65,7.71,8.47
10.34,10.95,11.62,12.29,13.08,10.33,10.36,11.66,12.68,13.56,10.67,10.56,12.03,12.97,13.75,12.05,11.91,12.64,13.02,13.28,14.16,14.08,13.63,13.86,14.35
17.41,18.02,18.41,18.76,19.19,17.61,17.78,18.47,19.12,19.6,17.74,17.86,18.81,19.4,19.77,18,18.67,19.58,19.63,19.56,18.15,18.84,19.44,19.62,19.75
22.74,23.09,22.97,23.03,23.21,23.13,23.43,23.22,23.26,23.41,23.09,23.51,23.48,23.5,23.56,22.08,23.36,23.93,23.82,23.69,20.38,21.63,22.96,23.16,23.12
25.6,26.13,26.1,26.47,27,25.98,26.34,26.27,26.55,26.98,25.84,26.4,26.4,26.64,26.97,24.27,25.94,26.53,26.67,26.83,21.62,23.27,25.12,25.56,25.63
22.72,23.18,23.1,23.53,24.28,23.13,23.43,23.36,23.7,24.33,23.12,23.57,23.68,23.96,24.43,22.05,23.44,24.1,24.27,24.46,20.12,21.5,23.02,23.42,23.55
17.94,18.22,18.09,18.47,19.23,18.26,18.48,18.37,18.71,19.41,18.32,18.63,18.71,19.02,19.58,17.9,18.66,19.04,19.2,19.44,17.28,18.04,18.74,19.02,19.27
13.15,13.5,13.54,14.12,15.11,13.3,13.52,13.55,14.14,15.14,13.26,13.44,13.5,14.08,15,13.24,13.4,13.28,13.73,14.33,13.69,13.9,13.8,14.16,14.73
7.48,7.94,8.37,9.11,10.24,7.32,7.42,7.93,8.79,9.99,7.31,7.25,7.54,8.34,9.5,8.23,7.52,7.02,7.61,8.39,10.47,9.85,8.63,8.91,9.72
2.59,3.12,3.97,5.12,6.65,2.17,2.11,3.3,4.72,6.34,2.33,2.07,2.89,4.15,5.7,4.12,2.91,2.52,3.26,4.17,7.72,6.62,4.79,5.06,6.03
0.73,1.23,2.26,3.63,5.42,0.19,0.06,1.56,3.33,5.2,0.47,0.08,1.22,2.77,4.52,2.88,1.36,1.09,1.86,2.81,7.51,6.1,3.85,4.08,5.15
2.53,2.94,3.84,4.96,6.42,2.03,1.91,3.39,4.96,6.53,2.32,1.94,3.24,4.64,6.1,4.69,3.35,3.3,3.92,4.64,9.12,7.89,5.84,6.02,6.95
6.58,6.9,7.45,8.01,8.79,6.33,6.32,7.27,8.21,9.13,6.56,6.34,7.33,8.2,9.08,8.27,7.51,7.7,8,8.31,11.39,10.71,9.42,9.49,10.1
11.47,11.68,11.88,12.32,12.94,11.45,11.51,12.07,12.73,13.44,11.67,11.67,12.45,13.08,13.72,12.54,12.59,13.16,13.33,13.44,13.96,14.05,13.83,13.97,14.33
18.08,18.3,18.2,18.31,18.53,18.43,18.62,18.7,18.88,19.11,18.58,18.83,19.22,19.39,19.51,18.45,19.23,19.9,19.77,19.56,18.12,18.9,19.59,19.68,19.7
23.61,23.94,23.67,23.72,23.86,24.16,24.49,24.25,24.22,24.3,24.14,24.64,24.67,24.63,24.6,22.91,24.32,24.84,24.71,24.55,20.84,22.22,23.7,23.91,23.82
25.13,25.44,25.1,25.27,25.6,25.56,25.95,25.42,25.4,25.63,25.34,25.9,25.5,25.46,25.61,23.66,25.14,25.37,25.37,25.43,21.09,22.55,24.12,24.44,24.47
22.69,23.01,22.83,23.04,23.44,23.01,23.29,23.24,23.39,23.73,22.98,23.41,23.55,23.73,24.03,22.03,23.21,23.65,23.83,24.01,20.49,21.65,22.86,23.23,23.38
18.35,18.66,18.66,19.11,19.84,18.42,18.63,18.76,19.31,20.11,18.37,18.65,18.9,19.5,20.29,17.98,18.66,18.92,19.39,19.92,17.51,18.22,18.82,19.28,19.73
13.44,13.59,13.66,14.26,15.23,13.23,13.35,13.57,14.33,15.44,13.18,13.34,13.56,14.35,15.46,13.25,13.41,13.36,13.98,14.73,13.8,14.02,13.93,14.39,15.06
7.36,7.51,7.94,8.78,10.05,6.76,6.74,7.46,8.57,10.03,6.72,6.63,7.17,8.26,9.72,7.68,7.01,6.63,7.4,8.38,9.9,9.33,8.2,8.61,9.52
3.12,3.29,4.17,5.49,7.23,2.1,1.88,3.35,5.11,7.05,2.24,1.94,3.01,4.63,6.52,4.17,3.01,2.83,3.8,4.94,7.88,6.82,5.11,5.53,6.62
1.22,1.43,2.52,3.94,5.84,0.17,-0.11,1.63,3.59,5.65,0.43,0.03,1.44,3.15,5.04,2.77,1.53,1.63,2.4,3.35,6.96,5.81,3.99,4.27,5.27
2.5,2.78,3.76,4.87,6.37,1.7,1.49,3.1,4.72,6.36,1.98,1.58,3.02,4.46,5.96,4.35,3.13,3.29,3.92,4.63,8.55,7.43,5.62,5.81,6.71
6.53,6.88,7.61,8.24,9.11,6.07,6,7.19,8.28,9.34,6.28,6.05,7.21,8.25,9.27,7.96,7.29,7.6,8.06,8.51,10.88,10.3,9.19,9.38,10.05
10.87,11.04,11.36,11.8,12.44,10.68,10.69,11.4,12.14,12.93,10.93,10.87,11.76,12.47,13.21,12.08,11.94,12.48,12.74,12.94,13.99,13.9,13.43,13.59,14.04
17.33,17.64,17.83,18.2,18.76,17.46,17.59,18.09,18.64,19.26,17.67,17.9,18.55,19.07,19.57,17.77,18.44,19.11,19.22,19.25,17.8,18.48,19.02,19.24,19.46
22.25,22.49,22.28,22.13,22.12,22.77,23.02,22.94,22.83,22.78,22.88,23.37,23.51,23.38,23.23,21.88,23.21,23.79,23.52,23.23,20.17,21.46,22.79,22.89,22.75
24.2,24.45,24.06,24.12,24.26,24.77,25.13,24.85,24.8,24.87,24.69,25.24,25.23,25.25,25.32,23.28,24.74,25.13,25.23,25.35,21.01,22.45,23.99,24.36,24.44
